first_name,last_name,company_name,address,city,province,postal,phone1,phone2,email,web,country,user_id,birth_date
Francoise,Rautenstrauch,"Riebesell, H F Jr",2335 Canton Hwy #6,Windsor,ON,N8N 3N2,519-569-8399,519-978-6179,francoise.rautenstrauch@rautenstrauch.com,http://www.riebesellhfjr.com,CA,200000,2013-09-12
Kendra,Loud,Deloitte & Touche,6 Arch St #9757,Alcida,NB,E8J 2C4,506-363-1526,506-932-4472,kloud@gmail.com,http://www.deloittetouche.com,CA,200001,2005-08-30
Lourdes,Bauswell,Oklahoma Neon Inc,9547 Belmont Rd #21,Belleville,ON,K8P 1B3,613-903-7043,613-638-6682,lourdes_bauswell@aol.com,http://www.oklahomaneoninc.com,CA,200002,2001-05-16
Hannah,Edmison,M B A Paint Stores,73 Pittsford Victor Rd,Vancouver,BC,V5Z 3K2,604-334-3686,604-692-7694,hannah@yahoo.com,http://www.mbapaintstores.com,CA,200003,2011-07-07
Tom,Loeza,Sheraton Shreveport Hotel,447 Commercial St Se,LIle-Perrot,QC,J7V 4T4,514-487-6096,514-727-4760,tom.loeza@gmail.com,http://www.sheratonshreveporthotel.com,CA,200004,2014-12-13
Queenie,Kramarczyk,Goeman Wood Products Inc,47 Garfield Ave,Swift Current,SK,S9H 4V2,306-421-5793,306-302-7591,queenie.kramarczyk@kramarczyk.org,http://www.goemanwoodproductsinc.com,CA,200005,1999-03-17
Hui,Portaro,A Storage Inn Of Gloucester,3 Mill Rd,Baker Brook,NB,E7A 1T3,506-827-7755,506-276-4830,hui_portaro@cox.net,http://www.astorageinnofgloucester.com,CA,200006,2004-12-31
Josefa,Opitz,Norman Gale Isuzu,136 W Grand Ave #3,Delhi,ON,N4B 1C4,519-788-7645,519-526-3721,josefa.opitz@opitz.org,http://www.normangaleisuzu.com,CA,200007,1993-08-02
Lea,Steinhaus,"James, Christopher Esq",80 Maplewood Dr #34,Bradford,ON,L3Z 2S4,905-618-8258,905-651-3298,lsteinhaus@cox.net,http://www.jameschristopheresq.com,CA,200008,1995-02-23
Paola,Vielma,Congress Title,58 Hancock St,Aurora,ON,L4G 2J7,905-456-1117,905-263-7711,paola_vielma@aol.com,http://www.congresstitle.com,CA,200009,2001-04-04
Hortencia,Bresser,Batavia Chamber Of Commerce,808 Calle De Industrias,New Waterford,NS,B1H 1Z4,902-256-6791,902-370-8282,hbresser@aol.com,http://www.bataviachamberofcommerce.com,CA,200010,1994-05-20
Leanna,Tijerina,Stephenson Land Surveying,2859 Dorsett Rd,North York,ON,M9L 2T9,416-719-2114,416-658-1773,leanna@cox.net,http://www.stephensonlandsurveying.com,CA,200011,2010-03-05
Danilo,Pride,Harry L Adams Incorporated,6857 Wall St,Red Deer,AB,T4R 2H5,403-212-4945,403-888-9985,danilo_pride@hotmail.com,http://www.harryladamsincorporated.com,CA,200012,2002-12-15
Huey,Marcille,Southern Idaho Pipe & Stl Corp,169 Journal Sq,Edmonton,AB,T5P 1G9,780-639-3619,780-520-1241,huey.marcille@gmail.com,http://www.southernidahopipestlcorp.com,CA,200013,2006-07-27
Apolonia,Warne,Kitchen People,3 E 31st St #77,Fredericton,NB,E3G 0A3,506-978-1488,506-221-1874,apolonia@gmail.com,http://www.kitchenpeople.com,CA,200014,2006-11-02
Chandra,Lagos,Meredith Realty Group Inc,7 N Dean St,Etobicoke,ON,M8Z 3P6,416-716-6446,416-822-1760,chandra.lagos@lagos.org,http://www.meredithrealtygroupinc.com,CA,200015,2012-02-11
Crissy,Pacholec,Cgi Systems Inc,85 S State St,Barrie,ON,L4N 6T7,705-477-2307,705-523-6746,crissy@aol.com,http://www.cgisystemsinc.com,CA,200016,2013-02-25
Gianna,Branin,All Brevard Cert Apprsls Inc,100 Main St,Calgary,AB,T2K 4X5,403-337-7162,403-540-5944,gianna@aol.com,http://www.allbrevardcertapprslsinc.com,CA,200017,1996-10-04
Valentin,Billa,General Color Co Inc,6185 Bohn St #72,Pangman,SK,S0C 2C0,306-291-5073,306-316-7477,vbilla@yahoo.com,http://www.generalcolorcoinc.com,CA,200018,2000-06-03
Ilona,Dudash,Adams Balcom & Larose Pc,2 Sutton Pl S #5727,Rouyn-Noranda,QC,J9X 3V4,819-536-7034,819-413-1530,idudash@dudash.com,http://www.adamsbalcomlarosepc.com,CA,200019,2009-09-15
Willard,Lablanc,Mershon Metal Specialties Inc,1534 Sidco Dr,Leduc,AB,T9E 5A6,780-384-5410,780-835-8022,wlablanc@yahoo.com,http://www.mershonmetalspecialtiesinc.com,CA,200020,2009-03-09
Lauryn,Randol,"Judy, Henry L Esq",4207 Leon Rd,North Vancouver,BC,V7L 3X6,604-236-4625,604-597-5482,lauryn@yahoo.com,http://www.judyhenrylesq.com,CA,200021,1996-09-21
Laurena,Begin,"Barry, Anthony S Esq",7564 N Academy Ave,London,ON,N6A 1S5,519-790-8660,519-942-6403,laurena.begin@begin.com,http://www.barryanthonysesq.com,CA,200022,2013-07-16
Elise,Michelle,"Thurman, William T Esq",88 E Saint Elmo Rd,Hamilton,ON,L8R 3J3,905-652-4509,905-695-9406,elise@gmail.com,http://www.thurmanwilliamtesq.com,CA,200023,2015-03-16
Corrie,Kardell,"Lynch, Steven J Esq",75 Westchester Ave,Pierrefonds,QC,H9J 1W6,514-203-7817,514-329-4482,corrie_kardell@aol.com,http://www.lynchstevenjesq.com,CA,200024,2003-10-23
Kimberely,Rabuse,"Carey, Paul D Esq",89 W 35th St #1,Windsor,ON,N8S 3R1,519-912-5533,519-814-7675,kimberely.rabuse@cox.net,http://www.careypauldesq.com,CA,200025,2006-01-14
Tish,Violett,Electro Arc Manufacturing Co,1 Norris Ave #4095,Laval,QC,H7W 5K7,450-840-7605,450-571-7613,tish.violett@violett.com,http://www.electroarcmanufacturingco.com,CA,200026,2011-09-25
Hollis,Stanfield,Feehan Plumbing & Heating,5174 Interstate 45 N,Yellowhead County,AB,T7E 3A7,780-574-5620,780-994-8693,hollis.stanfield@aol.com,http://www.feehanplumbingheating.com,CA,200027,2016-12-01
Andree,Christmann,Easton Cooperative Bank,765 Rock Island Rd,Strathroy,ON,N7G 3K6,519-872-6826,519-648-4096,andree.christmann@cox.net,http://www.eastoncooperativebank.com,CA,200028,2007-01-17
Lyla,Fucillo,Hambro Forest Products Inc,7979 33  191,North River,NS,B6L 6N1,902-844-1174,902-727-6846,lyla_fucillo@cox.net,http://www.hambroforestproductsinc.com,CA,200029,2011-08-24
Felton,Yafuso,"Penkava, Robert Md",202 Madison Ave,Ottawa,ON,K1Y 1M2,613-749-1169,613-603-5671,felton.yafuso@gmail.com,http://www.penkavarobertmd.com,CA,200030,2014-03-19
Dell,Polino,Saint John Neumann Nurse Home,56 Corporate Dr,Becancour,QC,G9H 1H7,819-255-1725,819-960-7659,dell_polino@polino.com,http://www.saintjohnneumannnursehome.com,CA,200031,2005-09-29
Nohemi,Leko,"Bohne, Karl W Jr",37 Us Highway 12e E #6,Sault Ste. Marie,ON,P6C 2C8,705-838-9265,705-876-8353,nohemi@aol.com,http://www.bohnekarlwjr.com,CA,200032,1993-03-23
Tambra,Lembke,"Moore, Albert F Esq",6734 W Jackson Blvd,Salmon Arm,BC,V1E 4G9,250-353-7479,250-437-2898,tlembke@lembke.org,http://www.moorealbertfesq.com,CA,200033,2014-10-26
Vicki,Maikoksoong,George Bigham & Associates,7 Tomahawk Dr,Richmond,BC,V7A 3N1,604-231-6180,604-518-2078,vicki@gmail.com,http://www.georgebighamassociates.com,CA,200034,2010-06-28
Renato,Airhart,Super 8 Motel,1 Vernon Blvd,Calgary,AB,T2A 2H9,403-444-2250,403-232-4114,renato_airhart@hotmail.com,http://www.supermotel.com,CA,200035,2012-09-17
Lenita,Darbro,"Ball, David S",2726 Franklin Hill Rd,Vernon,BC,V1T 7V8,250-749-4517,250-607-3667,lenita@yahoo.com,http://www.balldavids.com,CA,200036,2005-04-05
Barney,Hagen,Fox Vision Center,6335 Fort Myer Dr,Saint-Hyacinthe,QC,J2S 2N3,450-526-5424,450-755-7626,barney@yahoo.com,http://www.foxvisioncenter.com,CA,200037,2003-10-28
Matthew,Armacost,Livingston & Schneider Pc,220 Old Us Highway 441,Peterborough,ON,K9H 6C3,705-417-7221,705-937-7391,matthew_armacost@gmail.com,http://www.livingstonschneiderpc.com,CA,200038,2001-01-12
Belen,Nelton,A Peter Howell Pc,77 Central Pky N,Quesnel,BC,V2J 1N4,250-768-5812,250-801-3234,bnelton@gmail.com,http://www.apeterhowellpc.com,CA,200039,2015-02-15
Iesha,Wardle,Honker Cut Marine,781 Alabama Ave,Etobicoke,ON,M8Z 2C1,416-989-2001,416-615-4957,iesha@gmail.com,http://www.honkercutmarine.com,CA,200040,1998-06-03
Francesco,Sarchet,Gabriel & Associates,22 Dearborn St,Regina,SK,S4T 4B1,306-524-4509,306-353-2821,francesco@hotmail.com,http://www.gabrielassociates.com,CA,200041,2007-05-22
Paulene,Rhule,Beck Corporation,21 E 64th Ave,Matane,QC,G4W 3G6,418-348-2107,418-378-2652,paulene_rhule@rhule.org,http://www.beckcorporation.com,CA,200042,2011-08-27
Carole,Hughlett,"Kolodny, Howard Esq",9 N Central Ave,Abbotsford,BC,V2S 5R3,604-262-8556,604-598-8225,carole_hughlett@hughlett.com,http://www.kolodnyhowardesq.com,CA,200043,2014-07-14
Miss,Dunning,Mcgladrey & Pullen,38 Douglas Rd E #39,Regina,SK,S4R 1J5,306-508-8874,306-844-7974,mdunning@gmail.com,http://www.mcgladreypullen.com,CA,200044,2005-03-26
Elfrieda,Hinsch,Y 105 Kgfy,4929 Sidney St #8276,Vernon,BC,V1T 4A3,250-454-9384,250-243-5520,elfrieda_hinsch@hinsch.org,http://www.ykgfy.com,CA,200045,2009-06-17
Edelmira,Calzado,Chagrin Wine & Beverage Co,4936 Walcott Rd,Regina,SK,S4R 3M1,306-611-7185,306-432-3860,edelmira@hotmail.com,http://www.chagrinwinebeverageco.com,CA,200046,1999-12-26
Jaime,Wasurick,"Lewis, George L Esq",6760 E Fayette St #9,Saint-Damien,QC,J0K 2N1,450-531-8633,450-988-2708,jaime_wasurick@hotmail.com,http://www.lewisgeorgelesq.com,CA,200047,2000-06-22
Lera,Hua,York Services Landscpg Divsn,6638 S Webster St #491,Miramichi,NB,E1V 2N4,506-556-4300,506-802-9529,lhua@aol.com,http://www.yorkserviceslandscpgdivsn.com,CA,200048,2009-07-16
Jame,Mastro,Janney Montgomery Scott Inc,4465 James St,Kitchener,ON,N2N 1Y6,519-920-7003,519-719-2960,jmastro@aol.com,http://www.janneymontgomeryscottinc.com,CA,200049,1992-06-12
Jillian,Hailstone,Global Securities Info Inc,8721 Everett Rd,Mississauga,ON,L4Z 2V7,905-864-2257,905-995-7113,jhailstone@yahoo.com,http://www.globalsecuritiesinfoinc.com,CA,200050,2017-04-07
Louis,Zarling,Dealers Mfg Co,6 E Kingsbridge Rd,Stoneham-Et-Tewkesbury,QC,G3C 2A8,418-568-3216,418-396-2430,louis@zarling.com,http://www.dealersmfgco.com,CA,200051,2003-08-27
Emmett,Mcshaw,"Yaffa, Michael Esq",920 Union Blvd,Sault Ste. Marie,ON,P6B 5Y2,705-581-1220,705-779-8510,emmett_mcshaw@cox.net,http://www.yaffamichaelesq.com,CA,200052,2010-07-16
Tammy,Sams,Photos Inc,5 Secaucus Rd,Nanaimo,BC,V9R 5W6,250-226-1002,250-625-6517,tammy_sams@sams.com,http://www.photosinc.com,CA,200053,2013-09-14
Willis,Wylie,Acquired Knowledge Inc,646 9th St,Saint-Raymond,QC,G3L 3X9,418-833-1949,418-933-6430,willis@yahoo.com,http://www.acquiredknowledgeinc.com,CA,200054,1994-07-12
Maxima,Brzozowski,B Js Body Shop,864 Aupuni St,St Catharines,ON,L2T 2V2,905-569-6732,905-595-2866,mbrzozowski@aol.com,http://www.bjsbodyshop.com,CA,200055,2007-06-27
Boris,Latif,Emlou Boutique,9390 Fortin Dr,Quebec,QC,G1M 2H8,418-459-4884,418-668-9068,boris.latif@latif.com,http://www.emlouboutique.com,CA,200056,2016-08-18
Salina,Knavel,Schiller & Osbourn,4 Newark St,Arnprior,ON,K7S 2G8,613-280-7170,613-942-9083,salina.knavel@gmail.com,http://www.schillerosbourn.com,CA,200057,1995-05-01
Justa,Dini,Superior Coffee & Foods,8 J St,Vernon,BC,V1T 6J8,250-982-9377,250-460-8500,justa.dini@hotmail.com,http://www.superiorcoffeefoods.com,CA,200058,1999-01-03
Amalia,Wolfgang,"Knutson, Becky S Esq",394 Dice Rd #861,Windsor,ON,N8N 3V8,519-219-3608,519-885-5104,amalia_wolfgang@wolfgang.org,http://www.knutsonbeckysesq.com,CA,200059,1996-07-09
Felix,Tutterrow,Corinth Dry Cleaners,92 W 39th St #9990,London,ON,N6G 3E5,519-426-7161,519-845-2626,ftutterrow@tutterrow.org,http://www.corinthdrycleaners.com,CA,200060,2009-06-25
Eura,Mcglocklin,Graphic Color Litho Inc,9 N Monroe St,Lloydminster,SK,S9V 0C6,306-979-2571,306-813-8269,eura@mcglocklin.org,http://www.graphiccolorlithoinc.com,CA,200061,2012-07-21
Lang,Heuring,Hill Realty Property Mgmt,2 Global Rd,Cambridge,ON,N1R 2X2,519-985-7311,519-864-3447,lang@cox.net,http://www.hillrealtypropertymgmt.com,CA,200062,2016-06-23
Agustin,Lakatos,"Thrasher, John E Esq",23 E Wacker Dr #64,Becancour,QC,G9H 4T4,819-365-5394,819-820-9025,agustin.lakatos@hotmail.com,http://www.thrasherjohneesq.com,CA,200063,2007-12-03
Jaime,Lowrance,Sams Liquor & Deli,1 Nw 167th St,Winnipeg,MB,R3J 2Z1,204-438-6204,204-941-5253,jaime.lowrance@lowrance.org,http://www.samsliquordeli.com,CA,200064,2006-11-12
Carman,Gudiel,"Weiss, Martin Esq",1 Frontage Rd,St. Johns,NL,A1B 5B3,709-366-8943,709-882-9189,carman@gmail.com,http://www.weissmartinesq.com,CA,200065,2012-03-27
Argelia,Hofbauer,Medical Productions,5 Columbia,North Vancouver,BC,V7J 2J9,604-823-2881,604-904-3459,argelia.hofbauer@cox.net,http://www.medicalproductions.com,CA,200066,1999-11-11
Mammie,Cisney,"Arellano, Cecilia S Md",14 E 30th St,Montreal,QC,H1E 1R4,514-205-4258,514-841-9635,mammie@cox.net,http://www.arellanoceciliasmd.com,CA,200067,2004-03-16
Rashad,Menino,World Sign Associates,8 Commercial Ave,Carleton Place,ON,K7C 2T3,613-697-2555,613-841-5430,rashad.menino@menino.com,http://www.worldsignassociates.com,CA,200068,2000-09-07
Janna,Bastain,"Hastings, Robert R Jr",41 Drive  Hwy 54s S,Vancouver,BC,V6N 3C5,604-575-7837,604-519-7671,janna@bastain.com,http://www.hastingsrobertrjr.com,CA,200069,2002-01-24
Callie,Neikirk,"Shields, Sheridn Cpa",6601 Park Ave #9924,Mississauga,ON,L4T 0A1,905-465-6909,905-894-7244,callie.neikirk@neikirk.org,http://www.shieldssheridncpa.com,CA,200070,2010-03-11
Coral,Helmcamp,Hepco Inc,4184 E 142nd St,Toronto,ON,M5V 0B4,416-589-6075,416-469-6933,coral.helmcamp@helmcamp.org,http://www.hepcoinc.com,CA,200071,2001-10-06
Xenia,Mushero,Institute For Law & Jstc Inc,1 El Camino Ave #39,Kingston,ON,K7K 1P6,613-714-1829,613-877-4457,xenia@aol.com,http://www.instituteforlawjstcinc.com,CA,200072,2012-02-27
Adelle,Nitcher,John J Mccarthy Agency Inc,10 Midway Dr,Thorold,ON,L2V 5C7,905-998-3758,905-848-6892,anitcher@aol.com,http://www.johnjmccarthyagencyinc.com,CA,200073,1997-07-15
Hildegarde,Wehrwein,Ocean State Rental Corp,2 Cottman Ave,West Vancouver,BC,V7T 1R7,604-960-7463,604-475-5636,hwehrwein@gmail.com,http://www.oceanstaterentalcorp.com,CA,200074,2005-07-14
Phuong,Sugai,"Scholtes, William E Esq",8926 E 119th St #9,Lavaltrie,QC,J5T 2C7,450-501-4406,450-760-5225,psugai@gmail.com,http://www.scholteswilliameesq.com,CA,200075,2011-08-06
Leontine,Lafoy,"Caffrey, John F Esq",191 Richland St #5,Quebec,QC,G1J 4B2,418-271-8667,418-975-7693,llafoy@aol.com,http://www.caffreyjohnfesq.com,CA,200076,2009-11-29
Darell,Mcalarney,Janney Montgomery Scott Inc,8 E 92nd St,Ajax,ON,L1S 6V3,905-846-7737,905-741-3908,darell_mcalarney@mcalarney.com,http://www.janneymontgomeryscottinc.com,CA,200077,2001-01-12
Madonna,Landman,"Brown, Glenn Esq",283 Andover St,Castlegar,BC,V1N 3P7,250-307-7698,250-281-5616,madonna.landman@landman.com,http://www.brownglennesq.com,CA,200078,1998-04-08
Chuck,Berggren,Weyerhaeuser Paper Co,764 Louisville Plac,St. Johns,NL,A1E 2L8,709-534-6576,709-374-6188,chuck@gmail.com,http://www.weyerhaeuserpaperco.com,CA,200079,2006-01-14
Gregg,Epperheimer,Best Western Sterling House,59 W Jackson Blvd #11,Lasalle,QC,H8R 3T2,514-302-4158,514-293-8889,gepperheimer@aol.com,http://www.bestwesternsterlinghouse.com,CA,200080,1997-10-29
Yan,Bubrig,Database Programming & Design,712 N 5th St,Grand Manan,NB,E5G 1L1,506-493-4894,506-822-2002,yan@cox.net,http://www.databaseprogrammingdesign.com,CA,200081,2004-08-13
Stephanie,Garlett,Brown Shoe Co,6 L St #1761,Kanata,ON,K2T 1G5,613-557-7338,613-998-1215,stephanie.garlett@gmail.com,http://www.brownshoeco.com,CA,200082,2009-07-27
Alberto,Stenquist,Dowell Associates Inc,6126 E 14th St #6,St Catharines,ON,L2N 6C7,905-435-9456,905-433-2538,alberto_stenquist@stenquist.org,http://www.dowellassociatesinc.com,CA,200083,1993-06-04
Wayne,Shivers,Ram Page,865 Ponce De Leon Blvd,Chicoutimi,QC,G7H 6A2,418-374-1965,418-323-3965,wayne@aol.com,http://www.rampage.com,CA,200084,2004-06-18
Kristal,Bothe,L A Kennedy Inc,896 Pershing Ave,Paradise,NL,A1L 2Y8,709-976-5766,709-937-7068,kristal@hotmail.com,http://www.lakennedyinc.com,CA,200085,2016-08-05
Florencia,Stadel,"Cornwell, Michael C Esq",178 Riverdale Rd,Ingersoll,ON,N5C 2W2,519-961-7871,519-283-2137,fstadel@gmail.com,http://www.cornwellmichaelcesq.com,CA,200086,2016-09-03
Darrin,Tumolillo,Metro Press,4 Pedretti Ave #2,Saskatoon,SK,S7H 1X9,306-748-5721,306-438-8135,darrin@tumolillo.com,http://www.metropress.com,CA,200087,1997-02-11
Freeman,Rudig,Ramsey Secretarial Service,4 W Sedgley Ave,Otterburn Park,QC,J3H 4V8,450-347-6388,450-586-7429,freeman@yahoo.com,http://www.ramseysecretarialservice.com,CA,200088,1993-04-11
Lazaro,Mollison,United Drilling Inc,31 E Middlefield Rd #8555,Beloeil,QC,J3G 3J4,450-356-6427,450-270-3903,lazaro@gmail.com,http://www.uniteddrillinginc.com,CA,200089,2004-06-04
Ellsworth,Rieg,Peyote Bird Designs,7662 Us Highway 46 #9003,Napanee,ON,K7R 1K5,613-862-4724,613-414-6589,erieg@hotmail.com,http://www.peyotebirddesigns.com,CA,200090,2001-07-31
Brinda,Mrkvicka,Gittleman Muhlstock,1 Park Ave,Newbridge,NB,E7N 1J4,506-392-8334,506-912-9599,brinda.mrkvicka@gmail.com,http://www.gittlemanmuhlstock.com,CA,200091,2016-09-15
Florinda,Mackedanz,"Hoyt, Robert F Esq",2782 Midland Ave,Dieppe,NB,E1A 8X6,506-230-8075,506-590-6765,florinda_mackedanz@mackedanz.org,http://www.hoytrobertfesq.com,CA,200092,2012-12-21
Nadine,Swartzbeck,Contact Enterprises,3 Federal Blvd,Beloeil,QC,J3G 4M4,450-353-2331,450-552-2449,nadine_swartzbeck@swartzbeck.org,http://www.contactenterprises.com,CA,200093,2008-04-07
Arlette,Torchio,A All In One Construction,485 Rolling Rd,Lasalle,QC,H8R 3C2,514-459-6883,514-330-7587,arlette_torchio@hotmail.com,http://www.aallinoneconstruction.com,CA,200094,2007-08-03
Adolph,Krivanec,Sas Rubber Inc,6605 Federal St,Etobicoke,ON,M8Y 3L6,416-736-1436,416-293-9664,akrivanec@hotmail.com,http://www.sasrubberinc.com,CA,200095,2012-09-22
Georgiana,Colbath,Stewart Filmscreen Corp,505 E 9mile Rd,Sainte-Therese,QC,J7E 3C9,450-409-1254,450-825-8316,gcolbath@hotmail.com,http://www.stewartfilmscreencorp.com,CA,200096,2017-03-30
Rana,Lehn,"Freeman, Steven R Esq",32 Rocklyn Ave,Milton,ON,L9T 5W8,905-286-8285,905-602-1487,rlehn@yahoo.com,http://www.freemanstevenresq.com,CA,200097,2009-01-01
Chi,Morgan,"Holmes, Armstead J Esq",2953 5th Ave #27,Saint-Raymond,QC,G3L 3K2,418-922-5578,418-327-9560,chi@gmail.com,http://www.holmesarmsteadjesq.com,CA,200098,1996-04-12
Starr,Prothro,Gs Roofing Company,133 Us Highway 206,Chicoutimi,QC,G7H 4M5,418-811-3750,418-867-8129,sprothro@prothro.com,http://www.gsroofingcompany.com,CA,200099,2007-07-23
Glennis,Roseum,York Services Landscpg Divsn,1 Pershing Ave,Brandon,MB,R7A 4C6,204-514-9319,204-206-2818,glennis.roseum@gmail.com,http://www.yorkserviceslandscpgdivsn.com,CA,200100,1997-06-12
Thea,Petermeier,Anderson Heather Zane,402 Santa Isabel Ave,Sept-Iles,QC,G4S 1Z5,418-360-6739,418-579-7203,thea@hotmail.com,http://www.andersonheatherzane.com,CA,200101,2014-02-19
Rosalind,Persechino,Grand Prairie Chamber Commrce,86 Shady Run Rd,Kanata,ON,K2M 1E6,613-975-5760,613-310-5882,rosalind.persechino@aol.com,http://www.grandprairiechambercommrce.com,CA,200102,1996-02-18
Shenika,Tapian,Helco Sales Co,4 Collier Rd Nw,Ottawa,ON,K1S 1N5,613-219-1869,613-639-9327,shenika.tapian@aol.com,http://www.helcosalesco.com,CA,200103,2016-11-02
Veta,Vandeberg,"Rickard, Deborah S",940 E Jefferson Ave,Juniper,NB,E7L 1G1,506-996-1241,506-589-3482,vvandeberg@gmail.com,http://www.rickarddeborahs.com,CA,200104,1993-12-14
Herschel,Geneseo,Molded Dimensions Inc,7753 W 8th,Toronto,ON,M4V 1Y3,416-786-7887,416-325-4082,herschel@geneseo.com,http://www.moldeddimensionsinc.com,CA,200105,1996-03-24
Dianne,Tomasic,"Samios, Gus Esq",53 6  17 M At Bradleys,Dartmouth,NS,B2Y 3L2,902-938-6891,902-250-5089,dianne@yahoo.com,http://www.samiosgusesq.com,CA,200106,2006-05-26
Micah,Gerten,Fairfield Inn,103 Madison Ave,St. Johns,NL,A1E 2J5,709-581-5842,709-472-4405,micah@cox.net,http://www.fairfieldinn.com,CA,200107,1997-11-12
Kaycee,Alaibilla,A & H Sptc Systems & Matl Inc,8788 E 64th Ave,Vancouver,BC,V6R 1N3,604-992-6045,604-609-6898,kaycee.alaibilla@yahoo.com,http://www.ahsptcsystemsmatlinc.com,CA,200108,2010-03-02
Tesha,Brang,Butler Tool & Design Inc,831 Vanowen St #5,Montreal,QC,H4K 2N2,514-432-5290,514-232-9502,tesha@aol.com,http://www.butlertooldesigninc.com,CA,200109,2016-01-24
Marya,Chhour,Auchter Industrial Vac Inc,661 Pitkin Ave,Calgary,AB,T3Z 3S8,403-382-4146,403-980-7897,marya@cox.net,http://www.auchterindustrialvacinc.com,CA,200110,2005-11-27
Ronnie,Kettelle,Pure Wtr Inc Wrldwd Corprt,3 Avenue Rt 295 #199,Halifax,NS,B3H 1M2,902-367-7042,902-331-8779,ronnie_kettelle@aol.com,http://www.purewtrincwrldwdcorprt.com,CA,200111,2002-01-12
Mabel,Fower,"Swartz, John L Esq",709 W Waters Ave,Chicoutimi,QC,G7H 3T5,418-339-7473,418-795-6863,mabel_fower@fower.com,http://www.swartzjohnlesq.com,CA,200112,2017-02-05
Harley,Works,Alliance Construction Co Inc,27 Spring St,Woodstock,ON,N4S 2K1,519-913-7772,519-633-3173,harley@cox.net,http://www.allianceconstructioncoinc.com,CA,200113,2001-02-02
Joye,Nedman,Valley Credit Union,9 Court St,Regina,SK,S4N 3J4,306-991-3698,306-775-6775,joye@cox.net,http://www.valleycreditunion.com,CA,200114,2000-11-10
Luisa,Harnish,Level Export Sales Corp,82 Westminster Blvd,Vancouver,BC,V5X 2B5,604-399-1449,604-967-7334,lharnish@harnish.com,http://www.levelexportsalescorp.com,CA,200115,1998-01-19
Stacey,Lortz,Electrical Workers Unon Ibew,5039 Coffee Rd,Scarborough,ON,M1K 1H4,416-310-1610,416-753-5069,stacey_lortz@aol.com,http://www.electricalworkersunonibew.com,CA,200116,2006-07-18
Reyes,Mesmer,"Richardson, David J Esq",9 E Thayer Ave #3,Hamilton,ON,L8S 2N1,905-402-9203,905-297-5980,reyes@mesmer.org,http://www.richardsondavidjesq.com,CA,200117,2012-08-15
Avery,Demus,Carriage House Cllsn Rpr Inc,1 Highland Ave,Maple Ridge,BC,V4R 1Z3,604-548-4412,604-855-5368,avery.demus@aol.com,http://www.carriagehousecllsnrprinc.com,CA,200118,2005-09-13
Colby,Scotts,Mass Human Services Coalition,7 E 1st St,Barrie,ON,L4N 3M9,705-668-5094,705-288-6886,cscotts@aol.com,http://www.masshumanservicescoalition.com,CA,200119,2003-07-01
Afton,Wrinkle,Super 8 Motel,652 5th Ave,Ottawa,ON,K1N 6S5,613-851-7883,613-887-9528,awrinkle@wrinkle.org,http://www.supermotel.com,CA,200120,1992-11-09
India,Sifford,Fashion Shop & Save,162 Sunrise Plz,Toronto,ON,M5N 1J1,416-866-6707,416-539-4631,isifford@sifford.org,http://www.fashionshopsave.com,CA,200121,1999-11-24
Brunilda,Coin,Young Contractors Inc,300 Congers Rd #77,Saint-Paul,NB,E4T 3B9,506-327-7460,506-881-6523,brunilda_coin@aol.com,http://www.youngcontractorsinc.com,CA,200122,2002-06-02
Jenifer,Emanuel,"Bambrickv, Timothy F Esq",78 152nd Ave #4179,Duncan,BC,V9L 4G2,250-947-2063,250-845-8934,jemanuel@emanuel.com,http://www.bambrickvtimothyfesq.com,CA,200123,2008-10-19
Makeda,Nosis,Lloyds Screenprinting,956 Sierra Ave,Toronto,ON,M5K 1A1,416-827-4082,416-523-2691,makeda.nosis@yahoo.com,http://www.lloydsscreenprinting.com,CA,200124,1994-09-17
Vivan,Oppy,Record Journal,4696 Alewa Dr,Swift Current,SK,S9H 3S9,306-325-3090,306-606-8869,voppy@gmail.com,http://www.recordjournal.com,CA,200125,2000-11-11
Eric,Gazzola,Moriah Fund Inc,732 Congress St,Saint-Georges,QC,G5Z 0N4,418-274-7373,418-389-1370,eric@cox.net,http://www.moriahfundinc.com,CA,200126,2004-03-17
Thersa,Davirro,"Herstein, Elliot J",863 E Mcdowell Rd,Kamloops,BC,V2C 6S8,250-540-5275,250-359-4646,thersa.davirro@aol.com,http://www.hersteinelliotj.com,CA,200127,2007-11-28
Mindy,Presnal,"Gavin, William H Esq",82 Us Highway 111,Vancouver,BC,V5X 3K2,604-213-8721,604-936-4293,mpresnal@yahoo.com,http://www.gavinwilliamhesq.com,CA,200128,2008-09-03
Luis,Metzner,Hyman And Lippitt,8868 S Arroyo Pkwy #996,Trois-Rivieres,QC,G8V 2J6,819-860-8913,819-747-5807,lmetzner@metzner.org,http://www.hymanandlippitt.com,CA,200129,1992-08-19
Dawne,Mcloud,Bridger Scientific Inc,25 Keystone Xing,Stoney Creek,ON,L8E 2E4,905-760-9649,905-999-2576,dmcloud@cox.net,http://www.bridgerscientificinc.com,CA,200130,2016-06-19
Karrie,Kinikini,Lohmeyer Corrigan Taylor Pc,491 Main St #893,Kamloops,BC,V2B 7X9,250-384-7658,250-661-6367,karrie_kinikini@kinikini.org,http://www.lohmeyercorrigantaylorpc.com,CA,200131,2002-08-25
Mozelle,Hermon,Comfort Inn Of Lincoln,523 Spencerville Ct,Mount Pisgah,NB,E4G 1E8,506-573-3112,506-834-4114,mozelle_hermon@cox.net,http://www.comfortinnoflincoln.com,CA,200132,1998-04-19
Mila,Hair,Bobby Reed Attorney At Law,515 S Main St,Saint-Leonard,QC,H1P 1M8,514-945-2978,514-363-9034,mhair@cox.net,http://www.bobbyreedattorneyatlaw.com,CA,200133,1994-03-12
Gilma,Jefferys,Celestin Design Centre,147 E Centre St,Halifax,NS,B3H 4E1,902-804-8543,902-756-4703,gjefferys@aol.com,http://www.celestindesigncentre.com,CA,200134,2014-02-05
Armanda,Mcduffie,"Voils, Otis V",989 Wyatt Dr #7,Cowansville,QC,J2K 2M6,450-866-7181,450-681-1613,armanda.mcduffie@hotmail.com,http://www.voilsotisv.com,CA,200135,2012-08-28
Vonda,Normandeau,Crisell Cohee & Co,9891 Main St,Mirabel,QC,J7J 1G7,450-706-3809,450-473-8682,vonda@yahoo.com,http://www.crisellcoheeco.com,CA,200136,2014-10-13
Truman,Mondale,"Metz, Roger E Esq",1657 N Green St,Peterborough,ON,K9J 0A1,705-757-7389,705-234-5820,truman.mondale@aol.com,http://www.metzrogereesq.com,CA,200137,1999-05-26
Elvis,Tenuta,Beloit Boxboard Co,6437 Date Palm Dr,Calgary,AB,T2B 0X5,403-415-1285,403-329-4641,elvis_tenuta@tenuta.org,http://www.beloitboxboardco.com,CA,200138,2016-07-15
Loise,Dedaj,Magnotta Construction Co Inc,1062 Rd,Saskatoon,SK,S7K 5J3,306-964-9291,306-310-4288,loise@aol.com,http://www.magnottaconstructioncoinc.com,CA,200139,1994-06-04
Jannette,Pedder,"Reif, W Michael Esq",73 Madison Ave,Vancouver,BC,V6L 2V9,604-953-5335,604-889-3061,jpedder@pedder.com,http://www.reifwmichaelesq.com,CA,200140,2015-03-10
Margo,Rand,Muscle Bound Bindery,344 Lyndon St,Concord,ON,L4K 1J7,905-781-3868,905-855-2524,margo@rand.org,http://www.muscleboundbindery.com,CA,200141,2001-07-02
Dahlia,Benett,Doco School Empl Fed Crdt Un,3986 Home Life,Alma,QC,G8B 1K7,418-344-9993,418-720-5596,dahlia_benett@aol.com,http://www.docoschoolemplfedcrdtun.com,CA,200142,2003-05-13
Dominga,Mckeon,Scott & Murphy Inc,68 Dd N #1,Trois-Rivieres,QC,G8T 7G3,819-627-1581,819-974-1149,dominga_mckeon@yahoo.com,http://www.scottmurphyinc.com,CA,200143,2010-02-27
Hollis,Keomuangtai,Amsterdam News,27 7th St,Keswick,ON,L4P 1V3,905-928-5294,905-356-3061,hollis.keomuangtai@cox.net,http://www.amsterdamnews.com,CA,200144,2012-12-04
Carry,Ziller,Hatboro Delivery Service,8 Maynesboro St,Strathroy,ON,N7G 3H9,519-847-8783,519-902-8276,carry@cox.net,http://www.hatborodeliveryservice.com,CA,200145,2016-03-03
Bong,Fears,Cabot Safety Corp Aorx Center,7 State St #1,Pierrefonds,QC,H9H 3C8,514-308-1992,514-798-2801,bfears@fears.org,http://www.cabotsafetycorpaorxcenter.com,CA,200146,2000-07-14
Yolande,Staiano,Williams Jamal Ltd,21 N 14th St,Orleans,ON,K1C 3C7,613-700-7712,613-896-1928,yolande_staiano@gmail.com,http://www.williamsjamalltd.com,CA,200147,1993-09-30
Lottie,Hegdahl,Management Protection Services,45 W 21st St,Unionville,ON,L3R 2H1,905-638-1034,905-780-4717,lottie_hegdahl@aol.com,http://www.managementprotectionservices.com,CA,200148,2016-07-11
Jose,Kylish,Nicks Printing,93 Law Dr,Pierrefonds,QC,H9J 1W6,514-211-3774,514-504-3039,jose.kylish@aol.com,http://www.nicksprinting.com,CA,200149,2011-07-22
Tuyet,Abramovitz,"Gibbard, H Frank Iii",976 Cozycroft Ave,Richmond Hill,ON,L4E 4P3,905-790-7938,905-876-7283,tuyet.abramovitz@abramovitz.com,http://www.gibbardhfrankiii.com,CA,200150,1996-07-14
Pearline,Provenzano,Information Marketing Svc Inc,611 S 2nd St,Concord,ON,L4K 1V4,905-734-9102,905-871-6252,pearline.provenzano@provenzano.org,http://www.informationmarketingsvcinc.com,CA,200151,2010-04-12
Robt,Hankison,Joseph Notarianni & Co,3780 Ronson Rd,Quebec,QC,G1L 4H3,418-874-8104,418-997-2257,robt_hankison@cox.net,http://www.josephnotariannico.com,CA,200152,1997-05-10
Shawnee,Kesten,N Amercn Min & Quar Equip Inc,5 W Irving Park Rd,Big Ridge,NS,B1K 1X8,902-208-1038,902-514-6214,shawnee@yahoo.com,http://www.namercnminquarequipinc.com,CA,200153,2002-10-28
Lacresha,Quinones,John Drew Theater Of Gld Hall,48 Bernardo Cent,Vaudreuil-Dorion,QC,J7V 5V8,450-213-1080,450-248-5946,lacresha@hotmail.com,http://www.johndrewtheaterofgldhall.com,CA,200154,2006-01-08
Basilia,Vinroe,Ariz Association Of Life Und,45 S Wells Ave,Quebec,QC,G1H 1A6,418-386-6120,418-417-9632,basilia.vinroe@gmail.com,http://www.arizassociationoflifeund.com,CA,200155,1994-07-27
Aleisha,Areizaga,Hi Port Distribtg Inc,960 Deming Way,Quebec,QC,G1C 5G2,418-408-1640,418-915-1088,aareizaga@hotmail.com,http://www.hiportdistribtginc.com,CA,200156,2012-08-27
Frank,Tryninewski,Interlink Marketing Inc,462 2nd St,Prince Albert,SK,S6V 6E5,306-653-1772,306-265-2144,ftryninewski@gmail.com,http://www.interlinkmarketinginc.com,CA,200157,2004-08-17
Ria,Steinhorst,D H Auto Equip Inc,269 Commercial Dr,Jonquiere,QC,G7S 2S3,418-319-1374,418-221-6034,ria.steinhorst@steinhorst.com,http://www.dhautoequipinc.com,CA,200158,2009-11-16
Carla,Kallenberger,Mcginness & Shaw,8 Commercial Blvd #9,Hanover,ON,N4N 1Z7,519-646-7797,519-560-6667,carla@aol.com,http://www.mcginnessshaw.com,CA,200159,2014-03-31
Lashanda,Skahan,Monogram Co,739 Stockton Ave,Gray Rapids,NB,E9B 1G6,506-497-2698,506-543-5119,lashanda.skahan@aol.com,http://www.monogramco.com,CA,200160,2014-06-08
Jarod,Catalina,Industrial Precision Corp,60 Sunrise Ave,North Bay,ON,P1B 2L4,705-369-2146,705-915-3282,jcatalina@aol.com,http://www.industrialprecisioncorp.com,CA,200161,1995-01-21
Leoma,Rabago,"Curtis, Martin L Dds",575 Washington St,Nanaimo,BC,V9R 6W5,250-810-7815,250-340-9574,leoma.rabago@hotmail.com,http://www.curtismartinldds.com,CA,200162,1996-05-30
Yasuko,Greeves,Plant,4634 Anania Dr,Vernon,BC,V1B 3Z4,250-891-6910,250-302-7554,ygreeves@cox.net,http://www.plant.com,CA,200163,2006-07-05
Jimmie,Snelling,Tri Lakes Chamber Of Commerce,24 Sw Bridgeport Rd,Oakville,ON,L6J 7H9,905-772-1416,905-958-5143,jimmie.snelling@gmail.com,http://www.trilakeschamberofcommerce.com,CA,200164,2013-12-24
Titus,Dugre,American Lung Assoc,419 N Dixboro Rd #8,Gatineau,QC,J9J 0V4,819-983-1846,819-842-7631,titus.dugre@dugre.org,http://www.americanlungassoc.com,CA,200165,1997-12-29
Joanne,Teoh,"Rever, Irwin S Esq",1 W Sierra Madre Blvd #9985,St Catharines,ON,L2M 1R4,905-219-6895,905-928-7775,joanne@yahoo.com,http://www.reverirwinsesq.com,CA,200166,2012-03-19
Suzi,Groom,"Comisky, James L",9 W Jackson Blvd,Surrey,BC,V3S 7P4,604-700-2946,604-811-1777,suzi.groom@groom.org,http://www.comiskyjamesl.com,CA,200167,2017-02-13
Denny,Amazan,Pony Express National Memorial,4974 Rockburn Hill Rd #3,Surrey,BC,V4A 8M9,604-239-4105,604-864-8071,denny@amazan.com,http://www.ponyexpressnationalmemorial.com,CA,200168,2010-08-01
Willie,Coughlan,Brooktronics Engineering Corp,8545 S Westshore Blvd,Cantley,QC,J8V 3K1,819-869-6389,819-816-5427,willie@aol.com,http://www.brooktronicsengineeringcorp.com,CA,200169,1996-02-16
Margurite,Brake,"Moyer, David W Esq",258 S Ash Ave,Amherstburg,ON,N9V 1S8,519-476-5983,519-248-6055,margurite.brake@yahoo.com,http://www.moyerdavidwesq.com,CA,200170,2014-11-04
Arlen,Romack,"Whitehurst, William O Jr",1 W Green Bay St,Saint John,NB,E2K 3R6,506-218-3036,506-871-1452,arlen.romack@yahoo.com,http://www.whitehurstwilliamojr.com,CA,200171,2014-09-08
Shaniqua,Corna,"Durley, Colly J Esq",8 Sylvan Ave,North York,ON,M3H 5X6,416-573-9093,416-693-2920,shaniqua@yahoo.com,http://www.durleycollyjesq.com,CA,200172,1994-04-13
William,Boccard,Dubosar & Davidson Pa,9 Clove Rd,Pointe-aux-Trembles,QC,H1B 4R4,514-606-4631,514-570-9479,william@gmail.com,http://www.dubosardavidsonpa.com,CA,200173,1992-08-17
Silva,Riviere,Nimco Corp,10 Canal St,Pierrefonds,QC,H8Y 2A9,514-319-4125,514-592-7645,silva.riviere@riviere.org,http://www.nimcocorp.com,CA,200174,2004-05-19
Gearldine,Haberle,Robert Glen Distributing Co,62 N 3rd St,Calgary,AB,T2J 0S5,403-810-3712,403-242-6060,gearldine_haberle@hotmail.com,http://www.robertglendistributingco.com,CA,200175,2010-12-24
Azalee,Aja,Interior Alternative,2607 Market St,Chateauguay,QC,J6J 3J8,450-515-9694,450-933-2068,azalee.aja@cox.net,http://www.interioralternative.com,CA,200176,2009-10-05
Kimbery,Plikerd,"Bain, James W Esq",62 15th Ave #63,Duncan,BC,V9L 2E9,250-504-9388,250-654-7546,kimbery.plikerd@cox.net,http://www.bainjameswesq.com,CA,200177,1998-08-10
Ricarda,Kratt,"Hersh, Peter S Md",1 Clairemont Mesa Blvd,New Glasgow,NS,B2H 3Y5,902-614-2197,902-717-8376,rkratt@yahoo.com,http://www.hershpetersmd.com,CA,200178,2017-02-18
Macy,Massay,C H Fenstermaker & Assocs Inc,6 N Water St,Dauphin,MB,R7N 2C7,204-656-8450,204-825-5825,macy@hotmail.com,http://www.chfenstermakerassocsinc.com,CA,200179,2004-07-22
Carol,Normington,Westwood Specialties,1 S Kresson St,Alma,QC,G8E 1G2,418-540-2207,418-264-8597,carol@gmail.com,http://www.westwoodspecialties.com,CA,200180,2005-03-10
Blythe,Czaplinski,Ebw Inc Enterprise Brass Works,4 S 4th St,Calgary,AB,T2V 2M5,403-775-4053,403-660-6436,blythe_czaplinski@czaplinski.com,http://www.ebwincenterprisebrassworks.com,CA,200181,2000-05-15
Tanesha,Tesseneer,Alex Fries & Bros Inc,326 Witherspoon St,Etobicoke,ON,M9R 2W5,416-568-3388,416-227-8643,tanesha_tesseneer@hotmail.com,http://www.alexfriesbrosinc.com,CA,200182,1993-12-13
Yaeko,Orndoff,Holcombe Armature Co,66 Hoffman St,St Thomas,ON,N5P 2E5,519-625-4433,519-737-1130,yaeko_orndoff@orndoff.org,http://www.holcombearmatureco.com,CA,200183,1998-08-20
Broderick,Lorenz,"Frascella, Thomas P Esq",185 Davis St,Saskatoon,SK,S7N 3M6,306-285-1574,306-649-5882,broderick_lorenz@hotmail.com,http://www.frascellathomaspesq.com,CA,200184,1993-05-04
Twila,Shadle,"Marks, Seymour Esq",20 Simpson Ferry Rd,Victoria,BC,V8Y 1H4,250-862-6746,250-548-7509,tshadle@shadle.com,http://www.marksseymouresq.com,CA,200185,2004-12-29
Sarina,Pead,Burgess Manning Inc,7821 16th St Nw,Ajax,ON,L1S 1S7,905-696-6221,905-927-3049,spead@cox.net,http://www.burgessmanninginc.com,CA,200186,2011-09-29
Candra,Peets,Gator Supply & Equipment Inc,9 Pulaski Park Dr #7,North Bay,ON,P1B 2V6,705-799-1235,705-462-8314,candra@hotmail.com,http://www.gatorsupplyequipmentinc.com,CA,200187,2016-10-10
Von,Aprigliano,"Heller, Tom A Esq",63 Baronne St,Port Moody,BC,V3H 1E8,604-986-3233,604-853-6594,von@aol.com,http://www.hellertomaesq.com,CA,200188,2007-02-10
Natalya,Verso,Rose Cooper & English,74 Chestnut St,Kitchener,ON,N2A 1S3,519-736-9305,519-935-3251,natalya_verso@yahoo.com,http://www.rosecooperenglish.com,CA,200189,2001-06-11
Stanton,Rigazio,Maxons Restorations Inc,4 Smith St #5,North York,ON,M3M 2A4,416-801-7398,416-974-8005,srigazio@rigazio.org,http://www.maxonsrestorationsinc.com,CA,200190,2004-01-11
Dona,Larner,Birmingham Historical Society,4298 E Drinker St,York,ON,M6M 1V5,416-884-9104,416-488-1936,dona@hotmail.com,http://www.birminghamhistoricalsociety.com,CA,200191,2004-08-09
Cortney,Choice,"Schulman, Richard J Esq",80 S 33rd Pl,Greenfield Park,QC,J4V 3G8,450-339-6016,450-498-1871,cortney.choice@choice.com,http://www.schulmanrichardjesq.com,CA,200192,1995-05-05
Ira,Betterton,Andersen Consulting,935 S Padre Island Dr,Halifax,NS,B3K 3E4,902-240-7029,902-579-3428,ira.betterton@yahoo.com,http://www.andersenconsulting.com,CA,200193,1994-01-12
Vanna,Pickle,Phipps & Bird,3 B Main #117,Newmarket,ON,L3Y 3M4,905-309-4565,905-538-1331,vanna_pickle@aol.com,http://www.phippsbird.com,CA,200194,2013-09-18
Bo,Sabota,Land Engineering & Surv Co Inc,779 Moore St,Winnipeg,MB,R3R 2Z5,204-210-4967,204-591-6137,bo_sabota@sabota.com,http://www.landengineeringsurvcoinc.com,CA,200195,2007-05-22
Nathalie,Corners,Boldt Carlisle & Smith Cpa,14 Van Buren St,Peterborough,ON,K9H 4B6,705-736-4801,705-651-4065,nathalie_corners@corners.org,http://www.boldtcarlislesmithcpa.com,CA,200196,1996-05-07
Rodney,Lockamy,"Schultz, Barry J Esq",7 N Us Highway 67 #96,Ottawa,ON,K1S 2E4,613-273-5773,613-555-5392,rodney_lockamy@aol.com,http://www.schultzbarryjesq.com,CA,200197,2001-11-02
Elena,Hairr,"Reed, Crystal Md",31 Mechanic St #9839,Stephenville,NL,A2N 2N4,709-399-4807,709-427-8386,ehairr@hotmail.com,http://www.reedcrystalmd.com,CA,200198,1993-09-29
Blossom,Kraatz,Vic Firth Inc,881 Route 38,North York,ON,M4A 2A6,416-631-1863,416-960-8915,blossom_kraatz@kraatz.org,http://www.vicfirthinc.com,CA,200199,2010-07-25
Loreen,Griepentrog,A J Cohen Distributor Inc,6 Monard Dr,Orleans,ON,K1C 2E5,613-684-4467,613-959-2224,loreen_griepentrog@aol.com,http://www.ajcohendistributorinc.com,CA,200200,1993-01-26
Tayna,Keirnan,"Hartz, J Ernest Esq",18 Cowesett Ave,Barrie,ON,L4N 5C5,705-655-5936,705-731-4284,tayna_keirnan@gmail.com,http://www.hartzjernestesq.com,CA,200201,2013-07-15
Nieves,Planty,"Swanson, Dennis V Esq",684 Albion Rd,Peterborough,ON,K9H 3K7,705-616-5386,705-997-9149,nplanty@gmail.com,http://www.swansondennisvesq.com,CA,200202,1993-01-20
Glenn,Robinault,"Leikin, James",8700 S Jefferson Rd #676,Lachine,QC,H8S 3A8,514-330-5479,514-322-5935,glenn.robinault@cox.net,http://www.leikinjames.com,CA,200203,2013-06-01
Julianna,Racer,Cycle Motion Inc,4407 Chestnut Ridge Dr,Saint John,NB,E2K 5L7,506-752-6097,506-958-3152,jracer@cox.net,http://www.cyclemotioninc.com,CA,200204,2002-09-27
Ashton,Nitchals,"Tirone, Anthony R Esq",13 Midway Pl,Oakville,ON,L6H 5G1,905-725-6769,905-586-2298,ashton@cox.net,http://www.tironeanthonyresq.com,CA,200205,1992-08-18
Shaun,Scovil,Stowe Away Lodge,253 Hamilton Ave #1684,Pickering,ON,L1W 2P9,905-907-6615,905-984-4439,shaun_scovil@aol.com,http://www.stoweawaylodge.com,CA,200206,1997-11-19
Long,Shintaku,Georgetown Agency,8 W 41st Ave,Blainville,QC,J7C 2R9,450-771-5010,450-679-3521,long.shintaku@shintaku.org,http://www.georgetownagency.com,CA,200207,2004-02-18
Vinnie,Meir,Halbar Enterprises Whol Clthng,559 Bridge Plz,Etobicoke,ON,M8Y 1G5,416-862-7028,416-626-5219,vmeir@meir.com,http://www.halbarenterpriseswholclthng.com,CA,200208,1994-06-28
Lucia,Flipp,Days Inn,196 Touhy Ave,Scarborough,ON,M1E 3L6,416-870-8070,416-938-6909,lucia@aol.com,http://www.daysinn.com,CA,200209,1999-07-31
Corazon,Ivaska,Ansonia Records Inc,6 W Lincoln Ave,Saskatoon,SK,S7K 3K7,306-333-8933,306-513-1680,corazon@ivaska.org,http://www.ansoniarecordsinc.com,CA,200210,2015-06-21
Jaime,Perugini,Bei Motion Systems Co Inc,7071 E 7th St #56,Verdun,QC,H4G 1X4,514-950-4495,514-371-6473,jaime_perugini@perugini.com,http://www.beimotionsystemscoinc.com,CA,200211,2015-10-07
Miriam,Stakes,Sign Magic,784 Packerland Dr,Burlington,ON,L7L 5E8,905-441-5009,905-702-1792,miriam.stakes@yahoo.com,http://www.signmagic.com,CA,200212,1994-07-05
Vallie,Nigl,Can Lines Inc,7823 N 36th Ave,North Vancouver,BC,V7H 2J2,604-848-3170,604-272-7228,vallie@yahoo.com,http://www.canlinesinc.com,CA,200213,2009-02-15
Sheldon,Isachsen,"Young, Charles R Esq",35 Milnor St,Valley,NS,B6L 3K5,902-330-7314,902-482-5940,sheldon@isachsen.org,http://www.youngcharlesresq.com,CA,200214,2014-09-08
Nickie,Balonek,Mcinerney Communications,7 Saint Nicholas Ave,North Vancouver,BC,V7J 3P8,604-556-1080,604-408-3115,nickie.balonek@balonek.com,http://www.mcinerneycommunications.com,CA,200215,1995-12-21
Fletcher,Caneles,Hy Cite Corp,87 Spencerville Ct #2,Hamilton,ON,L8S 3V2,905-992-1637,905-974-3091,fcaneles@caneles.com,http://www.hycitecorp.com,CA,200216,1992-08-21
Rutha,Eisert,Quality Litho Printing,87 W 32nd St,Niagara Falls,ON,L2G 3H6,905-468-2503,905-288-1333,rutha@eisert.com,http://www.qualitylithoprinting.com,CA,200217,2009-03-13
Brandon,Geigel,Royal Title Service Inc,70 W Main St,Vancouver,BC,V5Z 3S8,604-940-9313,604-894-9406,bgeigel@gmail.com,http://www.royaltitleserviceinc.com,CA,200218,2011-04-11
Franchesca,Lamme,Euorpean Pretzel Bakery,3208 W Touhy Ave,Charlottetown,PE,C1E 1W8,902-715-9684,902-291-8223,franchesca_lamme@yahoo.com,http://www.euorpeanpretzelbakery.com,CA,200219,2000-01-17
Lorriane,Naddeo,American Space Planners Inc,7 Airway Cir,Duncan,BC,V9L 2T9,250-544-1482,250-738-4408,lorriane.naddeo@naddeo.org,http://www.americanspaceplannersinc.com,CA,200220,2007-09-28
Asuncion,Berson,"Link, Andrew P",54 Whitaker Way,Reinfeld,MB,R6W 1K7,204-318-1929,204-696-6138,aberson@aol.com,http://www.linkandrewp.com,CA,200221,2016-02-18
Georgiann,Hoerter,"Orava, Stephen J Esq",4945 Progress Dr,Grand-Mere,QC,G9T 3C3,819-632-2869,819-695-5561,georgiann_hoerter@hoerter.com,http://www.oravastephenjesq.com,CA,200222,2015-01-24
Hershel,Bultron,Kings Trophies & Engraving Co,658 W 30th St,London,ON,N5Z 1R6,519-844-4835,519-782-2362,hershel_bultron@bultron.org,http://www.kingstrophiesengravingco.com,CA,200223,2016-07-01
Chu,Collopy,Chiropractic Care Center,8 E 9mile Rd #697,Trois-Rivieres,QC,G8V 2J6,819-677-1206,819-899-7304,chu@aol.com,http://www.chiropracticcarecenter.com,CA,200224,2002-12-23
Bettina,Vosmus,Willamette Valley Walnuts Inc,7 Ryan Industrial Ct,Vancouver,BC,V6H 3Y2,604-752-9256,604-539-9088,bettina@hotmail.com,http://www.willamettevalleywalnutsinc.com,CA,200225,2004-01-16
Lynsey,Sport,"Ross, Donald J Esq",7 Mccrea St,Chilliwack,BC,V2P 6L6,604-525-6939,604-485-8495,lynsey.sport@aol.com,http://www.rossdonaldjesq.com,CA,200226,2002-09-13
Phil,Kuechler,Sequins International Inc,7 Mcwhorter Rd,Jonquiere,QC,G7X 2X4,418-940-4070,418-996-6859,phil_kuechler@gmail.com,http://www.sequinsinternationalinc.com,CA,200227,2012-12-20
Cordelia,Nicks,Pacific Valley Appraisal Svc,572 Simpson St,Georgetown,ON,L7G 2T4,905-975-4308,905-881-8675,cnicks@nicks.org,http://www.pacificvalleyappraisalsvc.com,CA,200228,1996-05-19
Georgeanna,Marrano,Allied Fine Furniture,3493 Camino Ruiz,Hamilton,ON,L8N 2V6,905-366-7378,905-540-7836,gmarrano@gmail.com,http://www.alliedfinefurniture.com,CA,200229,2003-09-30
Rosendo,Lanter,Howe & Hutton Ltd,2052 E Semoran Blvd,Regina,SK,S4N 5R4,306-700-6743,306-714-9622,rosendo@hotmail.com,http://www.howehuttonltd.com,CA,200230,2008-07-19
Jerilyn,Norcia,Jaqua & Wheatley Pc,9 Main St,Hanover,ON,N4N 2P6,519-978-7661,519-649-6721,jerilyn@hotmail.com,http://www.jaquawheatleypc.com,CA,200231,2006-03-23
Elfriede,Bakeley,Krei 800 Radio Station,538 Fayetteville Street Mall,Grand-Sault/Grand Falls,NB,E3Z 2K5,506-404-8558,506-956-6048,ebakeley@bakeley.com,http://www.kreiradiostation.com,CA,200232,2015-07-16
Harris,Sheck,New Lans Corporation,9875 Sheafe Rd,Montreal,QC,H2H 1Z2,514-257-9319,514-774-5902,harris@cox.net,http://www.newlanscorporation.com,CA,200233,2001-10-24
Leonor,Beilinson,Lochaven Fed Svngs & Ln Assn,269 Distribution Way,Orleans,ON,K1C 1Z6,613-338-5158,613-308-1865,leonor.beilinson@hotmail.com,http://www.lochavenfedsvngslnassn.com,CA,200234,2007-04-20
Terrilyn,Waska,"Corallino, Robert L Cpa",6 E Miraloma Ave,Gatineau,QC,J8M 2A5,819-670-6020,819-318-6187,terrilyn_waska@hotmail.com,http://www.corallinorobertlcpa.com,CA,200235,1997-09-18
Maddie,Foulds,Sinclair Machine Products Inc,56 N Wood Ave #25,Montreal,QC,H2M 1W9,514-874-9519,514-545-7912,maddie@hotmail.com,http://www.sinclairmachineproductsinc.com,CA,200236,2002-06-17
Melynda,Anstead,Leader,3 Lee Dr #8435,Longueuil,QC,J4J 3E9,450-470-3593,450-261-4907,melynda@hotmail.com,http://www.leader.com,CA,200237,2009-05-10
Odette,Thigpen,Beauregard Federal Savings Bnk,1831 Everett Rd,Corner Brook,NL,A2H 2K1,709-744-4165,709-750-3310,othigpen@thigpen.com,http://www.beauregardfederalsavingsbnk.com,CA,200238,2014-09-04
Steffanie,Meinen,"Rosenblum, Donn D Esq",801 W Belmont Ave,Montreal,QC,H3C 5G9,514-964-9106,514-644-9120,steffanie.meinen@cox.net,http://www.rosenblumdonndesq.com,CA,200239,2001-09-09
Antonette,Stimac,"Kasprenski, Michael D Esq",61 N Westshore Blvd,Kitchener,ON,N2A 1S3,519-670-5269,519-574-5766,antonette_stimac@stimac.org,http://www.kasprenskimichaeldesq.com,CA,200240,1992-05-13
Thora,Daneker,Engravers,6 Old York Rd,Gatineau,QC,J8P 3A1,819-648-4049,819-419-1891,tdaneker@daneker.com,http://www.engravers.com,CA,200241,2003-07-24
Nada,Massanet,"Shastri, S R Md",80 Sw End Blvd,Surrey,BC,V3R 4L7,604-570-1494,604-464-2579,nmassanet@yahoo.com,http://www.shastrisrmd.com,CA,200242,2012-08-15
Ivette,Dills,South Texas Prod Splty Inc,7585 Calle De Industrias,Reserve Mines,NS,B1E 1G6,902-244-5318,902-899-7285,idills@cox.net,http://www.southtexasprodspltyinc.com,CA,200243,2001-08-03
Devon,Delacerda,Kcon Inc,250 University Ave #9,Comox,BC,V9M 1T4,250-525-4631,250-811-7716,devon@hotmail.com,http://www.kconinc.com,CA,200244,2015-07-05
Lon,Tibbles,May W L Co Inc,78 Eastway Dr,Mississauga,ON,L5E 1B7,905-233-1845,905-290-1867,lon.tibbles@cox.net,http://www.maywlcoinc.com,CA,200245,1993-05-24
Tennie,Santanna,M A C Insurance Agency,196 Waterman Ave #1,Trois-Rivieres,QC,G8T 6A2,819-261-5496,819-276-7974,tennie@aol.com,http://www.macinsuranceagency.com,CA,200246,2001-01-27
Fidelia,Vilven,Gto Lithographers Inc,9 Meridian St,Scarborough,ON,M1G 1V4,416-892-4321,416-209-3419,fvilven@vilven.org,http://www.gtolithographersinc.com,CA,200247,2010-02-27
Michal,Gunyan,Physician Manager,9514 Mount Vernon Ave,Quebec,QC,G2B 4L7,418-399-6819,418-652-4085,michal_gunyan@gunyan.com,http://www.physicianmanager.com,CA,200248,1992-11-20
Enola,Yandow,Branan Photography,7 Sw 5th Ave,Dartmouth,NS,B2W 6G3,902-539-1621,902-831-6815,eyandow@cox.net,http://www.brananphotography.com,CA,200249,2006-03-06
Meghann,Mamudoski,Hampton Inn South,7675 N Solano Dr,Hebbville,NS,B4V 7A2,902-348-8759,902-216-8117,meghann@cox.net,http://www.hamptoninnsouth.com,CA,200250,2010-06-13
Latanya,Mattia,Swissotel Boston,8229 S Washington Ave,Portage la Prairie,MB,R1N 3T4,204-649-9481,204-615-1776,lmattia@yahoo.com,http://www.swissotelboston.com,CA,200251,2002-12-24
Chandra,Firlik,Preston Trucking Co Inc,686 S Dupont Hwy,Oshawa,ON,L1J 8H1,905-451-3719,905-979-1749,chandra@gmail.com,http://www.prestontruckingcoinc.com,CA,200252,2007-07-27
Barney,Dewer,"Anthony, Richard A Esq",88 Norris Ave #2,Bedford,NS,B4A 3V5,902-287-1148,902-440-9745,bdewer@gmail.com,http://www.anthonyrichardaesq.com,CA,200253,2010-03-15
Ocie,Chreene,"Ellner, Harold J Md",72 W Hampden Ave,Orleans,ON,K1E 2C8,613-756-9548,613-565-6742,ocie.chreene@aol.com,http://www.ellnerharoldjmd.com,CA,200254,2005-01-27
Precious,Dubray,Martin Research Inc,846 Middletown Blvd #427,Orillia,ON,L3V 4N5,705-607-6992,705-628-6331,precious.dubray@dubray.com,http://www.martinresearchinc.com,CA,200255,2015-04-02
Sanda,Laramie,Trafalgar Corp,5181 N Alma School Rd,Dawson Creek,BC,V1G 1Y2,250-700-8923,250-902-6776,slaramie@laramie.org,http://www.trafalgarcorp.com,CA,200256,2008-12-27
Gaynell,Benavente,Life Guard Apparel,71 W Indian School Rd,Thunder Bay,ON,P7E 2H1,807-284-2501,807-395-1502,gaynell@hotmail.com,http://www.lifeguardapparel.com,CA,200257,2011-04-17
Bethanie,Cutsforth,Four Star Label Co Inc,5 Victory Ave,Cambridge,ON,N1S 2S8,519-328-4250,519-260-7499,bethanie_cutsforth@cutsforth.org,http://www.fourstarlabelcoinc.com,CA,200258,2002-09-20
Yvette,Capiga,"Stier, Brian E Esq",33 Broadway St #8539,Big Valley,AB,T0J 0G0,403-919-6456,403-642-8023,yvette.capiga@yahoo.com,http://www.stierbrianeesq.com,CA,200259,1997-10-17
Alana,Blackmon,Invest Financial Corp,96 Hook Rd,Scarborough,ON,M1B 2S5,416-386-8947,416-983-4604,ablackmon@gmail.com,http://www.investfinancialcorp.com,CA,200260,1994-06-05
Lakeesha,Beachel,"Olivera, Keith R Esq",1 Sw 72nd Ave,Chilliwack,BC,V2P 4W3,604-352-7502,604-776-5963,lakeesha_beachel@aol.com,http://www.oliverakeithresq.com,CA,200261,2004-05-13
Ailene,Friedman,Spector Thread Co,479 Commerce Park,Enterprise,NB,E7G 1M2,506-907-7068,506-631-8304,ailene@yahoo.com,http://www.spectorthreadco.com,CA,200262,2016-01-24
Valene,Madson,H J Heinz Fld Ofc & Distrb Ctr,42 Main St,Alma,QC,G8B 7M5,418-646-3844,418-971-4887,valene@madson.org,http://www.hjheinzfldofcdistrbctr.com,CA,200263,1999-06-13
Floyd,Bub,Southeastern Services Inc,4701 N Cocoa Blvd,Toronto,ON,M4V 2Z2,416-557-9767,416-988-1063,fbub@bub.com,http://www.southeasternservicesinc.com,CA,200264,2001-08-27
Josue,Hatherly,United States Chrome Corp Ca,755 135th St,Etobicoke,ON,M9W 1M9,416-337-2239,416-236-8860,jhatherly@hatherly.org,http://www.unitedstateschromecorpca.com,CA,200265,2007-05-31
Johnathon,Wadden,De Osu Inc,4714 S Main St,Peterborough,ON,K9J 3N7,705-646-2781,705-719-2693,johnathon_wadden@hotmail.com,http://www.deosuinc.com,CA,200266,1996-02-01
Kenneth,Drizin,Packaging Corp Of America,2 Scott Blvd,Amos,QC,J9T 1S3,819-999-6396,819-572-9764,kdrizin@aol.com,http://www.packagingcorpofamerica.com,CA,200267,2010-05-20
Leila,Titzer,D W Rogers Co,9 Constitution Ave,Calgary,AB,T2X 2M9,403-733-8035,403-455-2552,leila_titzer@aol.com,http://www.dwrogersco.com,CA,200268,2016-12-20
Marquetta,Quinlisk,Herregan Distributors Inc,2965 Lake Lizzie Dr,Mont-Royal,QC,H3R 1G3,514-950-3156,514-450-3097,marquetta_quinlisk@aol.com,http://www.herregandistributorsinc.com,CA,200269,2005-04-12
Annamae,Beliles,"Halberstadt, Bradley J Esq",8939 Merrill Field Dr,Burnaby,BC,V5G 4J9,604-877-2244,604-564-4259,abeliles@gmail.com,http://www.halberstadtbradleyjesq.com,CA,200270,2002-06-28
An,Dosal,Cpa Affiliates Inc,8 Leoole St #3,Drummondville,QC,J2B 3J9,819-324-8832,819-789-9431,adosal@hotmail.com,http://www.cpaaffiliatesinc.com,CA,200271,1995-01-11
Karina,Cortesi,Video Monitoring Services,901 Broughton Ave #7,Saint-Bruno,QC,J3V 5S1,450-252-9611,450-552-3691,karina_cortesi@hotmail.com,http://www.videomonitoringservices.com,CA,200272,2008-11-15
Otis,Luong,Kinkos Copies,263 L St #1255,Simcoe,ON,N3Y 2P6,519-739-4515,519-213-7571,oluong@gmail.com,http://www.kinkoscopies.com,CA,200273,2014-06-09
Brendan,Kasperek,"Aebig, Sheena R Esq",84 L St #98,Coquitlam,BC,V3E 2W1,604-947-9315,604-635-8588,brendan_kasperek@yahoo.com,http://www.aebigsheenaresq.com,CA,200274,2002-06-03
Keith,Evartt,"Hamlet, Fred T Esq",973 El Camino Real,Derby Junction,NB,E1V 5B4,506-229-5393,506-807-4021,kevartt@evartt.com,http://www.hamletfredtesq.com,CA,200275,2013-12-08
Paulina,Arand,Americon Gazelle Factory Outlt,5652 Wisconsin Ave,Winnipeg,MB,R2J 2V1,204-636-8766,204-682-9423,paulina_arand@cox.net,http://www.americongazellefactoryoutlt.com,CA,200276,1995-04-23
Cherelle,Welschmeyer,Woodrow Taylor Homes Nv Ltd,2 Ramona Ave #6,Guelph,ON,N1E 5N9,519-322-9933,519-310-1688,cherelle@hotmail.com,http://www.woodrowtaylorhomesnvltd.com,CA,200277,2006-08-23
Percy,Neelon,Spiker Communications Inc,901 Highway 74,Rimouski,QC,G5L 1N6,418-537-1430,418-991-9193,percy_neelon@cox.net,http://www.spikercommunicationsinc.com,CA,200278,1997-04-22
Margot,Storrs,"Wilson, Thomas M Iii",237 S French Ave,Woodbridge,ON,L4H 2L8,905-309-5010,905-509-1001,mstorrs@cox.net,http://www.wilsonthomasmiii.com,CA,200279,1995-07-14
Paris,Bellis,Woodstown Natl Bnk & Trst Co,89 Parade St,Woodstock,ON,N4S 3K1,519-909-5933,519-291-1819,paris@gmail.com,http://www.woodstownnatlbnktrstco.com,CA,200280,1996-07-26
Sina,Masiejczyk,Misioneros Del Camino,3067 W Wabansia Ave,Etobicoke,ON,M9C 5B4,416-369-7013,416-498-2476,smasiejczyk@cox.net,http://www.misionerosdelcamino.com,CA,200281,2009-05-11
Kimi,Selfe,M & M Assoc Inc,2 W Kellogg Dr #5,Jonquiere,QC,G8A 1H7,418-795-3880,418-432-2714,kimi@cox.net,http://www.mmassocinc.com,CA,200282,2002-11-23
Chun,Richrdson,"Hoyt, Robert F Esq",3 Aiea Heights #660,Regina,SK,S4T 3L1,306-245-2534,306-697-2337,chun_richrdson@richrdson.org,http://www.hoytrobertfesq.com,CA,200283,1993-09-17
Lelia,Thiemann,"Kleeman, Dena A Esq",440 Town Center Dr,Kamloops,BC,V2B 7W6,250-671-3851,250-798-7786,lelia.thiemann@yahoo.com,http://www.kleemandenaaesq.com,CA,200284,1994-11-18
Cordell,Zinda,"Kaye, Jeffrey A Esq",91 Argyle Rd,Sherbrooke,QC,J1H 6E3,819-508-6057,819-313-7350,cordell_zinda@cox.net,http://www.kayejeffreyaesq.com,CA,200285,2004-12-07
Dorothy,Aitken,"Mcmillon, Wendy A Esq",4 Hanover Pike,Mississauga,ON,L5V 1E5,905-554-3838,905-355-9556,dorothy.aitken@cox.net,http://www.mcmillonwendyaesq.com,CA,200286,1998-02-02
Chauncey,Mcelreath,Buchman Enterprises Inc,615 Main St #3722,Vanier,ON,K1L 7E2,613-908-7090,613-591-2817,chauncey.mcelreath@yahoo.com,http://www.buchmanenterprisesinc.com,CA,200287,1998-05-01
Tenesha,Stropko,"Guroff, Julia H Esq",648 Waihona St #1152,Cardigan,NB,E6B 1L7,506-629-6209,506-306-3180,tenesha.stropko@aol.com,http://www.guroffjuliahesq.com,CA,200288,1994-08-12
Anjelica,Lovero,Dayton Appliance Parts Co,689 S Steele St #1887,Amherst,NS,B4H 1K5,902-386-1443,902-411-6380,anjelica@lovero.org,http://www.daytonappliancepartsco.com,CA,200289,2001-06-01
Olga,Adessa,"Weiss, Arnold M Cpa",8507 Upland St,Burlington,ON,L7P 4T1,905-775-6413,905-340-9290,oadessa@cox.net,http://www.weissarnoldmcpa.com,CA,200290,2004-12-19
Monte,Tindal,Amercn Inst For Conserve Hist,577 Page Ave,Laval,QC,H7M 5P7,450-637-6499,450-285-2135,monte@cox.net,http://www.amercninstforconservehist.com,CA,200291,2015-06-01
Pamela,Mccoskey,Thriftlodge,6 West St #2,Terrebonne,QC,J6W 4W3,450-282-1236,450-585-2368,pamela.mccoskey@gmail.com,http://www.thriftlodge.com,CA,200292,2003-07-14
Toshia,Lippoldt,U Stor,7 Duluth St,Stoneham-Et-Tewkesbury,QC,G3C 0S2,418-759-7863,418-706-3704,toshia_lippoldt@aol.com,http://www.ustor.com,CA,200293,2013-05-11
Polly,Sandusky,Passumpsic Savings Bank,39 Logan Ave #9518,Hamilton,ON,L9A 4H9,905-705-6018,905-227-7818,polly.sandusky@cox.net,http://www.passumpsicsavingsbank.com,CA,200294,2014-12-03
Judy,Boerboom,Crissey Fowler Lumber Co,384 N Main St,Paradise,NL,A1L 0H4,709-560-7848,709-591-5287,jboerboom@boerboom.com,http://www.crisseyfowlerlumberco.com,CA,200295,1997-01-30
Celestine,Pritt,James Heistand Inc,79 E 92nd St,Ottawa,ON,K1G 3B6,613-875-3120,613-291-6460,celestine_pritt@cox.net,http://www.jamesheistandinc.com,CA,200296,2016-03-12
Murray,Fode,"Hughes, Richard D Esq",59 W Century Rd,Pointe-Claire,QC,H9R 5N9,514-921-5562,514-750-8459,mfode@yahoo.com,http://www.hughesricharddesq.com,CA,200297,2008-04-05
Shoshana,Courter,Harry Jersig Center,8763 N Front St,Windsor,ON,N8Y 4T9,519-396-2906,519-248-6688,shoshana@courter.org,http://www.harryjersigcenter.com,CA,200298,2013-08-24
Glendora,Pezley,John L Scott Real Estate,2 80e E #7867,Edmonton,AB,T5Y 3J7,780-508-2609,780-799-6593,glendora.pezley@cox.net,http://www.johnlscottrealestate.com,CA,200299,2000-02-27
Carlene,Kana,Oregon Cherry Growers Inc,541 N 88th Ave,Brantford,ON,N3T 2H4,519-930-5055,519-842-4775,ckana@kana.com,http://www.oregoncherrygrowersinc.com,CA,200300,1996-02-28
Adria,Gilliam,Brokers Marketplace,60 15th Ave,Hamilton,ON,L8N 2V6,905-563-9396,905-791-6993,adria_gilliam@cox.net,http://www.brokersmarketplace.com,CA,200301,2005-09-27
Paola,Perkins,M K Goulding And Associates,3951 Seaway Dr,Grande Prairie,AB,T8V 4G4,780-573-8903,780-404-4349,paola.perkins@aol.com,http://www.mkgouldingandassociates.com,CA,200302,1995-09-14
Elina,Maury,Hobson Printing Co,2097 N Stonestreet Ave,North York,ON,M6M 3B1,416-582-4379,416-549-4416,elina.maury@hotmail.com,http://www.hobsonprintingco.com,CA,200303,2001-07-24
Emile,Dorio,"Olson, Waldine H Esq",264 Jefferson Hwy #83,Saint-Bruno,QC,J3V 4R8,450-529-3773,450-775-4103,edorio@cox.net,http://www.olsonwaldinehesq.com,CA,200304,2017-01-21
Zoila,Lannigan,Fox Chase Federal Savings Bank,40 N Dean St,York,ON,M6N 3Z2,416-322-9207,416-344-1276,zlannigan@aol.com,http://www.foxchasefederalsavingsbank.com,CA,200305,2014-06-04
Yong,Yestramski,Kraft Foodservice Inc,365 Zebra Pl,Brantford,ON,N3R 3C6,519-344-3979,519-322-6001,yong_yestramski@aol.com,http://www.kraftfoodserviceinc.com,CA,200306,1999-09-12
Leontine,Stalma,Comprehensive Environ Svc Inc,859 Franquette Ave,Simcoe,ON,N3Y 5H1,519-641-7145,519-623-8354,lstalma@stalma.org,http://www.comprehensiveenvironsvcinc.com,CA,200307,1995-08-23
Troy,Dicus,Quick Turn Circuits Inc,58 Calle Arroyo,Trenton,ON,K8V 3Z2,613-938-7999,613-442-6727,troy_dicus@yahoo.com,http://www.quickturncircuitsinc.com,CA,200308,2003-02-20
Annamaria,Vanhuss,"Call, Dell R",8348 1st Ave W,Dundas,ON,L9H 2C3,905-495-3301,905-988-1388,annamaria.vanhuss@cox.net,http://www.calldellr.com,CA,200309,2003-12-17
Dorothea,Lowther,"Herline, Georgia",2763 Fort Campbell Blvd #7554,Sudbury,ON,P3E 2W9,705-793-4986,705-509-4817,dorothea_lowther@yahoo.com,http://www.herlinegeorgia.com,CA,200310,2002-05-24
Marion,Letran,"Snyder, Daniel Esq",5670 Leonis Blvd,Gatineau,QC,J8Y 5Z4,819-966-7240,819-730-7626,marion_letran@cox.net,http://www.snyderdanielesq.com,CA,200311,1998-01-06
Avery,Masso,Far Western Trophy & Awards,6 Central Ave #664,Amherst,NS,B4H 1N1,902-588-8947,902-665-5755,avery.masso@hotmail.com,http://www.farwesterntrophyawards.com,CA,200312,1998-11-22
Trinidad,Bredernitz,Tmr The Music Room,75 N Washington Ave,Lasalle,QC,H8N 1S9,514-561-2312,514-780-9059,trinidad@yahoo.com,http://www.tmrthemusicroom.com,CA,200313,2010-07-15
Herminia,Penso,Jurgemeyer Frey & Haufe,880 W South Water Market,Fort McMurray,AB,T9H 3A8,780-740-5294,780-702-4324,hpenso@cox.net,http://www.jurgemeyerfreyhaufe.com,CA,200314,2001-10-01
Val,Bigaud,Mpsi Systems Inc,42 N 16th St #620,Montreal,QC,H2C 3A1,514-726-2573,514-233-5869,val_bigaud@aol.com,http://www.mpsisystemsinc.com,CA,200315,1993-02-03
Renay,Oviedo,"Wanek, Jerrold Esq",873 E Cumberland St,North York,ON,M6B 3Y3,416-336-6767,416-797-3846,renay.oviedo@oviedo.com,http://www.wanekjerroldesq.com,CA,200316,2008-03-16
Buck,Kotow,Black Drill Co Inc,863 Mcgilchrist St Se,Thunder Bay,ON,P7E 2H1,807-668-2676,807-348-1562,buck_kotow@aol.com,http://www.blackdrillcoinc.com,CA,200317,1995-01-29
Toi,Rollison,Armored Transport Of Ca Inc,2 S Church St,Terrebonne,QC,J6W 1M9,450-714-2875,450-600-2803,toi_rollison@rollison.com,http://www.armoredtransportofcainc.com,CA,200318,2004-07-01
Shanice,Pennel,Firm Security Systems Inc,31 N Canal St,Kingston,ON,K7L 2Y7,613-850-3405,613-270-1965,shanice.pennel@pennel.org,http://www.firmsecuritysystemsinc.com,CA,200319,2015-03-01
Oliva,Ramerez,Summit Dynamics,8688 Manning Blvd #547,Calgary,AB,T2C 1W4,403-690-1059,403-350-8194,oramerez@yahoo.com,http://www.summitdynamics.com,CA,200320,2005-05-07
Tamera,Crocker,Cooper & Kelley,652 Pacific Hwy,Edmonton,AB,T5C 3M1,780-833-7024,780-277-9997,tcrocker@cox.net,http://www.cooperkelley.com,CA,200321,2001-06-08
Melvin,Rather,Milt Charno & Assoc Inc,8794 34th Ave,Drummondville,QC,J2B 3S8,819-418-3496,819-482-5865,melvin.rather@aol.com,http://www.miltcharnoassocinc.com,CA,200322,1992-08-21
Essie,Fitzke,Artistic Gifts Inc,9 3rd St,Welshpool,NB,E5E 1G8,506-785-2719,506-849-4017,essie_fitzke@fitzke.org,http://www.artisticgiftsinc.com,CA,200323,2006-08-29
Shay,Knieper,"Raby, Paul Ed",571 Maiden Ln #7,Brossard,QC,J4X 1J9,450-806-3050,450-206-4846,shay.knieper@gmail.com,http://www.rabypauled.com,CA,200324,2004-07-10
Ruby,Sensibaugh,Qualex Inc,637 Wright Rd,Coquitlam,BC,V3K 2P4,604-553-2468,604-317-7478,ruby@sensibaugh.com,http://www.qualexinc.com,CA,200325,2014-05-11
Caren,Doscher,Personal Christianity Chapel,1770 Mission Ave,Calgary,AB,T3H 2S3,403-344-3614,403-519-4344,cdoscher@doscher.org,http://www.personalchristianitychapel.com,CA,200326,2015-05-15
Frank,Amend,Preferred Service Group Inc,2583 Lincoln Blvd,Cambridge,ON,N1S 1A7,519-823-9369,519-225-9969,frank@yahoo.com,http://www.preferredservicegroupinc.com,CA,200327,2006-05-02
Lasandra,Frisinger,Jmr Marketing & Graphics Corp,1 Highway 71 S,Abbotsford,BC,V2S 2G5,604-210-7413,604-366-8983,lfrisinger@cox.net,http://www.jmrmarketinggraphicscorp.com,CA,200328,2001-01-09
Sommer,Frere,Bliss & Nyitray Inc,1309 Pitney Rd,Saint-Hubert,QC,J3Y 4R3,450-777-9643,450-890-4500,sfrere@yahoo.com,http://www.blissnyitrayinc.com,CA,200329,2012-03-14
Gretchen,Mckeon,Nendels Inn/renton,809 W Bayshore Rd,Trail,BC,V1R 4Y2,250-617-7197,250-339-8016,gretchen.mckeon@gmail.com,http://www.nendelsinnrenton.com,CA,200330,1992-07-20
Providencia,Marien,"Pond, William S Md",83 Magnavox Way,Ottawa,ON,K2C 2V1,613-256-5226,613-926-6903,providencia.marien@marien.com,http://www.pondwilliamsmd.com,CA,200331,2017-03-19
Lindsey,Arnoldi,Western States Petroleum Inc,87 Via Contenta,West Kelowna,BC,V1Z 2J2,250-387-4636,250-720-2097,larnoldi@arnoldi.com,http://www.westernstatespetroleuminc.com,CA,200332,2008-02-06
Romana,Riesgraf,Sparta Engrg & Land Co Inc,986 Whitaker Way,Moncton,NB,E1A 6P3,506-310-3728,506-411-4545,romana_riesgraf@hotmail.com,http://www.spartaengrglandcoinc.com,CA,200333,2013-10-07
Nobuko,Logwood,Ads Inc,612 York St,Sarnia,ON,N7V 3X4,519-739-4745,519-909-5200,nobuko.logwood@cox.net,http://www.adsinc.com,CA,200334,2002-06-26
Shawnna,Arredondo,Ef International Lang Schls,4 N Brand Blvd,Orleans,ON,K4A 0V9,613-996-1062,613-366-7946,sarredondo@arredondo.com,http://www.efinternationallangschls.com,CA,200335,2014-06-29
Doyle,Hathcox,Women For Meaningful Summits,48 Market St,Prince George,BC,V2M 1K4,250-227-4140,250-403-8074,doyle.hathcox@aol.com,http://www.womenformeaningfulsummits.com,CA,200336,1996-04-15
Jacinta,Deppen,"Orourke, Denis M Esq",1458 W Henry St,Nelson,BC,V1L 1A7,250-203-5054,250-989-4833,jdeppen@cox.net,http://www.orourkedenismesq.com,CA,200337,1995-12-08
Tawanna,Kuamoo,"Walker, L Mark Esq",380 Main St,Matane,QC,G4W 3G6,418-734-9693,418-227-5560,tawanna_kuamoo@gmail.com,http://www.walkerlmarkesq.com,CA,200338,2002-04-25
Christa,Cloutier,Abc Financial Systems,743 Wolfert Ave,Calgary,AB,T2L 2G4,403-461-2407,403-717-1591,ccloutier@hotmail.com,http://www.abcfinancialsystems.com,CA,200339,2002-01-02
Noe,Kotz,"Bryant, Julian A Jr",3878 Little John Way,Salt Spring Island,BC,V8K 2T5,250-901-1245,250-491-3336,nkotz@kotz.org,http://www.bryantjulianajr.com,CA,200340,2011-01-13
Ellen,Fajen,"Kowall, Carol Esq",32 Marguerite Pky,Edmonton,AB,T6A 0L9,780-720-7927,780-624-5869,ellen.fajen@aol.com,http://www.kowallcarolesq.com,CA,200341,2012-10-20
Tequila,Pelletier,Feldman Co Inc,6173 Landmeier Rd,Richmond Hill,ON,L4C 9T5,905-692-6934,905-353-9085,tequila_pelletier@cox.net,http://www.feldmancoinc.com,CA,200342,2002-04-06
Tawny,Bonventre,Bell Mirror & Glass Inc,5 Middletown Blvd,Richmond,BC,V6Y 1L9,604-632-4346,604-611-1211,tbonventre@aol.com,http://www.bellmirrorglassinc.com,CA,200343,2011-10-28
Rosalyn,Mcspedon,Elton Iron Co Inc,449 Oakwood Ave,Kingston,ON,K7K 3L3,613-362-7798,613-225-2285,rosalyn.mcspedon@mcspedon.org,http://www.eltonironcoinc.com,CA,200344,1997-06-03
Noble,Miyata,Auto Trim Design,7059 E Kilbourn Ave #252,Tillsonburg,ON,N4G 4Y4,519-346-6651,519-309-8584,noble_miyata@gmail.com,http://www.autotrimdesign.com,CA,200345,2005-06-11
Lucille,Hubbell,E Z Tel Dirctry Brkrs & Banks,8 General Dr,Nanaimo,BC,V9R 4Z4,250-904-7361,250-296-3277,lhubbell@yahoo.com,http://www.ezteldirctrybrkrsbanks.com,CA,200346,2014-08-16
Azzie,Tuazon,Ruby Mfg & Sales,5518 Whippany Rd,Oakville,ON,L6L 6V2,905-208-4039,905-788-7893,azzie.tuazon@hotmail.com,http://www.rubymfgsales.com,CA,200347,2010-11-24
Darci,Arau,Broadside Press,2 Hill Rd,Trois-Rivieres,QC,G8Z 3J2,819-294-4679,819-777-6760,darci@cox.net,http://www.broadsidepress.com,CA,200348,2002-02-25
King,Suman,Meek & Associates Real Estate,79 Lexington Ave #83,Chicoutimi,QC,G7J 4W9,418-470-4541,418-316-1403,king@cox.net,http://www.meekassociatesrealestate.com,CA,200349,1994-12-24
Denny,Zeanah,Associated Brokers Inc,339 W 1st St,Montreal,QC,H2Z 1P5,514-224-2722,514-928-4314,denny_zeanah@zeanah.com,http://www.associatedbrokersinc.com,CA,200350,1996-09-10
Anissa,Frayer,Vend Alaska,7635 Run Subdivision,Surrey,BC,V3X 2L5,604-925-4225,604-973-3843,afrayer@frayer.com,http://www.vendalaska.com,CA,200351,2010-12-05
Rosann,Heinricher,Ramapo Memorial Co,91 Nw 52nd Ave,Mirabel,QC,J7N 2E1,450-474-6397,450-357-6461,rosann_heinricher@heinricher.com,http://www.ramapomemorialco.com,CA,200352,1997-02-04
Jeannine,Rippy,"Huetter, Glen A Jr",7767 W Central Ave #2,Truro,NS,B2N 6J6,902-811-1450,902-423-9598,jeannine_rippy@rippy.com,http://www.huetterglenajr.com,CA,200353,2004-05-20
Lashaun,Casteneda,Gerald A Coniglio Md/facs,894 Feather River Blvd,Edmonton,AB,T6L 4W9,780-751-5370,780-433-1426,lashaun.casteneda@casteneda.com,http://www.geraldaconigliomdfacs.com,CA,200354,2012-02-08
Miesha,Walen,Nabisco Inc,2 Executive Blvd,Espanola,ON,P5E 1C1,705-646-4992,705-887-2415,miesha@aol.com,http://www.nabiscoinc.com,CA,200355,1993-10-26
Marva,Kountz,"Rabin, Daniel S Esq",1 N Main St #16,Etobicoke,ON,M9A 0A5,416-494-3939,416-280-4764,marva@gmail.com,http://www.rabindanielsesq.com,CA,200356,1995-06-23
Dion,Lamastus,National Compugraphix Inc,44 S Highland Dr,Albanel,QC,G8M 3P2,418-212-6756,418-702-5515,dion_lamastus@lamastus.com,http://www.nationalcompugraphixinc.com,CA,200357,2001-03-31
Hassie,Sarkin,"Eisen, Lisa",958 Airline Dr,Valley,NS,B6L 2X2,902-210-1513,902-488-5113,hassie_sarkin@aol.com,http://www.eisenlisa.com,CA,200358,2012-08-22
Jin,Perry,Arens Publications & Printing,18 Cameron St,Etobicoke,ON,M9C 2W4,416-463-6411,416-752-6995,jin_perry@gmail.com,http://www.arenspublicationsprinting.com,CA,200359,2009-05-12
Demetra,Peth,"Irvine, Stephanie B Esq",79 E Jackson St,Sherbrooke,QC,J1K 1C5,819-858-7901,819-901-7854,demetra_peth@aol.com,http://www.irvinestephaniebesq.com,CA,200360,2012-10-22
Irene,Benauides,"Bilicic, Kimberly A Esq",45 19th St,Lyttleton,NB,E9E 1Y1,506-251-3150,506-991-8808,irene.benauides@gmail.com,http://www.bilicickimberlyaesq.com,CA,200361,2000-11-10
Colton,Pesqueira,Willow Foods Inc,305 Industrial Blvd,Oakville,ON,L6H 6M8,905-796-8265,905-477-4223,cpesqueira@hotmail.com,http://www.willowfoodsinc.com,CA,200362,1994-08-28
William,Cilento,"Boland, William T Jr",1434 Ash St,Trochu,AB,T0M 2C0,403-251-6126,403-444-7192,william.cilento@gmail.com,http://www.bolandwilliamtjr.com,CA,200363,2009-08-04
Shannan,Cupit,Golden West Machine Inc,6 S San Marcos Rd,North York,ON,M2N 2B8,416-266-5891,416-311-5786,shannan@cox.net,http://www.goldenwestmachineinc.com,CA,200364,2007-07-07
Shelba,Kast,Mccarn Enterprises Inc,56 Washington Rd,Halifax,NS,B3K 2C1,902-654-7334,902-472-5783,shelba.kast@yahoo.com,http://www.mccarnenterprisesinc.com,CA,200365,1995-04-01
Dorcas,Diebold,Tradition Music Co,8899 E Slauson Ave,Mississauga,ON,L5M 4A7,905-860-8703,905-269-7682,dorcas_diebold@diebold.com,http://www.traditionmusicco.com,CA,200366,1993-07-14
Rochell,Wetherby,Img Scene Internet Multimedia,142 E 57th Ave #2,Amqui,QC,G5J 1E2,418-362-9768,418-405-7721,rwetherby@wetherby.org,http://www.imgsceneinternetmultimedia.com,CA,200367,2007-09-22
Amber,Windell,Rose & Co Management Cnslnts,41 Augusta Hwy,Richmond,BC,V6X 3S2,604-864-2113,604-902-5812,amber.windell@cox.net,http://www.rosecomanagementcnslnts.com,CA,200368,2001-03-28
Stefanie,Prinkey,Cheyenne Business Equipment,985 Joyce St,Surrey,BC,V3R 4T5,604-833-9067,604-290-6830,stefanie_prinkey@prinkey.org,http://www.cheyennebusinessequipment.com,CA,200369,2008-01-05
Kenia,Sharples,Marc Hotels & Resorts Inc,611 Grand Ave,Calgary,AB,T2J 1Y3,403-341-7208,403-217-4166,kenia_sharples@hotmail.com,http://www.marchotelsresortsinc.com,CA,200370,2008-08-20
Jacquline,Libbey,"Gwinn, Malcolm S Esq",647 S Rainbow Blvd Bldg #4577,Cap-aux-Meules,QC,G4T 1M6,418-682-7368,418-860-7541,jacquline@cox.net,http://www.gwinnmalcolmsesq.com,CA,200371,2005-02-11
Lavina,Michelet,Environmental Data Resources,2719 N Delaware St,Anjou,QC,H1M 1X5,514-842-3549,514-309-7294,lavina.michelet@michelet.org,http://www.environmentaldataresources.com,CA,200372,2010-11-16
Billi,Kazar,"Bogart, Edward J Esq",71 Linden Ave,Surrey,BC,V3W 9G2,604-458-2387,604-624-1119,bkazar@hotmail.com,http://www.bogartedwardjesq.com,CA,200373,2011-08-19
Aron,Leuthold,"Huber, J R Esq",9 Park St,Chilliwack,BC,V2P 3X4,604-637-3549,604-910-5870,aron_leuthold@leuthold.com,http://www.huberjresq.com,CA,200374,1999-05-22
Annice,Tartar,Computer Services,430 State Route 10 #7548,Sherbrooke,QC,J1N 0H6,819-342-1651,819-685-5153,atartar@cox.net,http://www.computerservices.com,CA,200375,2004-12-21
Hyun,Zarazua,V R Food Equipt Sales Inc,8718 N 13th Ave,Chatham,ON,N7L 5C4,519-287-4120,519-450-3369,hyun_zarazua@cox.net,http://www.vrfoodequiptsalesinc.com,CA,200376,2005-02-26
Shala,Ogle,Plaza Inn,4956 Midway Rd #65,Fatima,QC,G4T 2N4,418-823-9061,418-311-3882,shala_ogle@ogle.org,http://www.plazainn.com,CA,200377,1998-11-23
Shasta,Canonico,Rob Young Ldo,71 West Ave,Sault Ste. Marie,ON,P6C 2C8,705-531-2796,705-277-5384,shasta_canonico@aol.com,http://www.robyoungldo.com,CA,200378,2005-04-27
Wenona,Braseth,"Weinbren, Don B Esq",7 Ramon Rd,Beloeil,QC,J3G 2C1,450-751-1928,450-619-1328,wenona.braseth@braseth.org,http://www.weinbrendonbesq.com,CA,200379,2004-11-17
Marla,Gallati,Peking Garden,922 Railroad Ave #7063,Lachine,QC,H8R 1R7,514-872-9323,514-803-7622,mgallati@gmail.com,http://www.pekinggarden.com,CA,200380,2001-05-12
Myra,Palenik,"Evans, Gerald H Esq",5661 Harding St,Montmagny,QC,G5V 1N6,418-930-7475,418-341-2016,myra_palenik@palenik.com,http://www.evansgeraldhesq.com,CA,200381,2012-10-14
Lawanda,Jacocks,Houma Fabricators Inc,92 A Glenneyre Ave,Cranbrook,BC,V1C 4E3,250-226-8113,250-239-2228,lawanda.jacocks@gmail.com,http://www.houmafabricatorsinc.com,CA,200382,1994-12-15
Curt,Kohlman,"Bowden, Mona M Esq",5 Westbranch Dr #36,Saskatoon,SK,S7M 3S3,306-739-3437,306-337-6391,ckohlman@hotmail.com,http://www.bowdenmonamesq.com,CA,200383,2006-04-10
Susy,Finstad,"Weiner, Sheldon Md",6 N Town East Blvd,Calgary,AB,T2X 0J3,403-571-8756,403-470-2657,sfinstad@aol.com,http://www.weinersheldonmd.com,CA,200384,2001-02-10
Kathrine,Kaper,"Davis, Maxon R Esq",100 Rombouts Ave,Halifax,NS,B3N 2X2,902-500-1564,902-523-2488,kkaper@aol.com,http://www.davismaxonresq.com,CA,200385,2007-11-10
Oneida,Pospishil,Katherine Goldman Pc,5 E King St #6,Victoriaville,QC,G6T 1N5,819-511-9240,819-899-6940,opospishil@aol.com,http://www.katherinegoldmanpc.com,CA,200386,2006-01-13
Allene,Perera,M T I Corp,7167 Bethlehem Pike #80,Etobicoke,ON,M9P 1J9,416-681-6822,416-806-8070,allene@yahoo.com,http://www.mticorp.com,CA,200387,2014-05-15
Leonardo,Leahman,"Jacks, Gerald H Esq",80 Wisconsin Ave,Calgary,AB,T2L 1X5,403-328-5056,403-988-3938,leonardo@aol.com,http://www.jacksgeraldhesq.com,CA,200388,2001-11-28
Nakisha,Russi,Builders General Supply Co,8265 W Camelback Rd,Lethbridge,AB,T1H 6T3,403-513-9660,403-207-3764,nakisha_russi@russi.com,http://www.buildersgeneralsupplyco.com,CA,200389,2011-04-10
Stephanie,Rolling,Gaber Nyman & Co,45 S Cedar Ridge Dr,Lloydminster,SK,S9V 1T4,306-510-5011,306-312-8273,srolling@rolling.org,http://www.gabernymanco.com,CA,200390,2015-12-06
Florinda,Haycock,"Janik, Frank J Iii",6096 N Michigan Ave,Gatineau,QC,J8P 4L6,819-820-6568,819-888-4209,florinda_haycock@cox.net,http://www.janikfrankjiii.com,CA,200391,1996-09-08
Merri,Geberth,Juniata College,4 Beaverbrook Rd,Winnipeg,MB,R2P 2J7,204-894-9221,204-710-5400,merri.geberth@geberth.com,http://www.juniatacollege.com,CA,200392,2000-03-09
Malcom,Vereen,Weso Radio Station,548 Midland Ave,Windsor,ON,N8T 1V1,519-334-1058,519-795-5709,malcom.vereen@yahoo.com,http://www.wesoradiostation.com,CA,200393,2014-01-02
Louvenia,Abney,L M Mccown & Son Co,6 Friendship Dr #5055,Prince Albert,SK,S6V 6A4,306-256-9309,306-636-7201,louvenia_abney@hotmail.com,http://www.lmmccownsonco.com,CA,200394,2011-04-04
Alita,Borlace,Medicine Shoppe,5 S Gage St #6175,Kenora,ON,P9N 1K7,807-289-5397,807-686-6411,alita_borlace@yahoo.com,http://www.medicineshoppe.com,CA,200395,1998-08-27
Noemi,Ill,Lafayette Apprl Producers Inc,18 Nw 6th St,Sault Ste. Marie,ON,P6B 2W6,705-414-4712,705-511-8123,noemi_ill@ill.com,http://www.lafayetteapprlproducersinc.com,CA,200396,2015-04-11
Nydia,Ancar,C C Industries,5 Pittsford Victor Rd,Edmonton,AB,T5V 1M7,780-924-8022,780-910-8459,nydia.ancar@ancar.com,http://www.ccindustries.com,CA,200397,2012-01-04
Hana,Meisel,"Whitehead, David Barry Esq",6 E Rand Rd #73,Calgary,AB,T2J 1G9,403-696-7108,403-666-1982,hana.meisel@yahoo.com,http://www.whiteheaddavidbarryesq.com,CA,200398,2017-02-06
Noel,Marrazzo,Market Decisions Inc,91 E Cary St,Camrose,AB,T4V 2Y4,780-447-2249,780-642-7492,noel@cox.net,http://www.marketdecisionsinc.com,CA,200399,2010-10-13
Brice,Rowe,Maryland Match Corp,5 New Circle Rd Ne,Belleville,ON,K8N 1R9,613-631-9322,613-763-3880,brice_rowe@aol.com,http://www.marylandmatchcorp.com,CA,200400,2015-08-18
Nguyet,Kitchens,Institute For Human Dev,68 Nw Raleigh St #88,Red Deer,AB,T4N 2H5,403-883-4097,403-244-5802,nguyet_kitchens@yahoo.com,http://www.instituteforhumandev.com,CA,200401,1999-11-20
Janae,Mair,Park Avenue Audio Inc,8 S Mcmullen Dr #38,Ajax,ON,L1T 1R5,905-501-5086,905-960-1879,janae_mair@cox.net,http://www.parkavenueaudioinc.com,CA,200402,2002-06-05
Darrel,Makley,Alliedsignal Engines,6 N Volusia Ave #2,Baie-Sainte-Anne,NB,E9A 1P1,506-839-5378,506-861-3998,dmakley@yahoo.com,http://www.alliedsignalengines.com,CA,200403,2016-03-13
Genevieve,Milionis,J & M Janitorial Supplies,5 Cedar St,Sault Ste. Marie,ON,P6B 5Y9,705-467-4142,705-764-8815,genevieve.milionis@hotmail.com,http://www.jmjanitorialsupplies.com,CA,200404,2000-03-01
Giovanna,Bacho,Rumford Aquarium Inc,71 S Newtown St,North Vancouver,BC,V7M 3J6,604-203-8085,604-451-5124,giovanna@cox.net,http://www.rumfordaquariuminc.com,CA,200405,2014-12-13
Shelton,Spannuth,"Bell, David M Esq",4 Bloomfield Ave #5,Brandon,MB,R7B 1N3,204-364-5889,204-941-7224,shelton.spannuth@yahoo.com,http://www.belldavidmesq.com,CA,200406,2001-04-27
Alison,Mahlum,Walter Jerome Inc,841 N Monroe St,Belleville,ON,K8N 2W3,613-862-3122,613-259-2601,alison_mahlum@hotmail.com,http://www.walterjeromeinc.com,CA,200407,2008-03-11
Maynard,Zufall,"Larkin, Jay Robert Esq",5094 Poway Rd,Vancouver,BC,V5X 4K1,604-875-7745,604-708-6687,mzufall@gmail.com,http://www.larkinjayrobertesq.com,CA,200408,1995-08-03
Timothy,Bussert,"Purdy, Angeline Esq",43 Winnetka Ave,Toronto,ON,M4C 3Y1,416-521-5624,416-250-5767,timothy@bussert.com,http://www.purdyangelineesq.com,CA,200409,1993-09-29
Viola,Eddens,Hales Corners Village Printing,51 S Hulen St,Grand Manan,NB,E5G 3A8,506-772-3108,506-649-5102,veddens@eddens.org,http://www.halescornersvillageprinting.com,CA,200410,2010-05-28
Luann,Michon,Macnaughton Einson Graphics,5 Goddard Rd,Montreal,QC,H2S 2G9,514-578-7262,514-640-1941,luann@cox.net,http://www.macnaughtoneinsongraphics.com,CA,200411,2015-06-02
Mable,Goerke,Detroit Newspapers,7 Woodbridge Ave,Toronto,ON,M6P 2V5,416-867-5879,416-871-4317,mable_goerke@cox.net,http://www.detroitnewspapers.com,CA,200412,2014-03-31
Sabine,Kaea,"Westerman, Bryan",48 Lower Ragsdale Dr #1349,Brampton,ON,L6W 1A8,905-586-1138,905-717-7451,sabine@gmail.com,http://www.westermanbryan.com,CA,200413,2014-04-02
Dolores,Moltz,Auto Exchange,80 S Beckley St,Fredericton,NB,E3B 2P9,506-216-2028,506-284-7449,dolores@yahoo.com,http://www.autoexchange.com,CA,200414,1993-04-14
Hannah,Suero,Confish Inc,3314 Hawthorne St,Oakville,ON,L6L 3G9,905-543-3967,905-828-9745,hsuero@yahoo.com,http://www.confishinc.com,CA,200415,2000-02-06
Sonia,Blan,Kinkos Copies,924 W Saint Mary Blvd,Deer Lake,NL,A8A 2A6,709-512-6346,709-699-3892,sblan@blan.com,http://www.kinkoscopies.com,CA,200416,2015-08-21
Cletus,Stapels,Fewel Northwest Inc,9713 Wilbur Ave #163,Edmonton,AB,T6P 1K3,780-674-7330,780-675-7361,cletus_stapels@cox.net,http://www.fewelnorthwestinc.com,CA,200417,2014-09-05
Asha,Zoldak,Ducson Sportswear Inc,4 Gray Ave,Saint-Stanislas,QC,G8L 7B6,418-470-9730,418-997-7008,asha_zoldak@hotmail.com,http://www.ducsonsportswearinc.com,CA,200418,2001-06-22
Verlene,Billow,Capital Environ Drill Svc Inc,8528 A Park Rd,Brampton,ON,L6P 0X3,905-486-5455,905-421-9573,vbillow@billow.com,http://www.capitalenvirondrillsvcinc.com,CA,200419,1994-07-03
Yesenia,Giglio,Basque Plastics Corp,1262 W 19th St,Janeville,NB,E2A 5K7,506-858-9797,506-709-4563,yesenia@cox.net,http://www.basqueplasticscorp.com,CA,200420,2004-11-25
Tayna,Sine,"Bailey, Lesli Esq",99 Garfield Ave #370,Burlington,ON,L7R 3Y8,905-334-8817,905-989-2244,tayna_sine@sine.com,http://www.baileylesliesq.com,CA,200421,2005-04-04
Verona,Jobst,M C Green & Sons,9041 Grand Plaza Plac,Montreal,QC,H3V 1E3,514-842-7487,514-879-3678,verona_jobst@jobst.org,http://www.mcgreensons.com,CA,200422,2012-07-15
Denae,Eggers,Brookwood Inn,475 S Figueroa St,Winnipeg,MB,R2K 3B5,204-341-2445,204-723-2394,denae_eggers@gmail.com,http://www.brookwoodinn.com,CA,200423,1994-07-27
Rikki,Montalgo,Emergency Management,7 Lagrange St #10,Montreal,QC,H2K 3M3,514-472-6857,514-563-2884,rikki@montalgo.com,http://www.emergencymanagement.com,CA,200424,2006-03-20
Nan,Weekly,Kates Boylston Publicatns Inc,16 Ridge Center,London,ON,N5Y 5M9,519-928-8049,519-430-6684,nan@weekly.com,http://www.katesboylstonpublicatnsinc.com,CA,200425,2006-12-25
Sherell,Despain,Colonial Color Corp,66 62nd St #30,Surrey,BC,V3R 6N7,604-344-4458,604-936-4021,sdespain@hotmail.com,http://www.colonialcolorcorp.com,CA,200426,2011-05-09
Coral,Brennick,"Barbour, Michael J Esq",15 Ludlow Ave #156,Boucherville,QC,J4B 1R5,450-480-7421,450-246-6043,coral.brennick@brennick.com,http://www.barbourmichaeljesq.com,CA,200427,2014-03-19
Phyliss,Huelse,Best Western Doublewood Inn,672 Neil Armstrong St #59,Lethbridge,AB,T1K 2L9,403-540-2604,403-247-1100,phyliss_huelse@aol.com,http://www.bestwesterndoublewoodinn.com,CA,200428,1993-09-24
Jesse,Wida,Mt Plsnt Dly Tribune Sunday,1 E Gabilan St,Burlington,ON,L7T 3Y9,905-356-4735,905-744-5778,jesse@wida.com,http://www.mtplsntdlytribunesunday.com,CA,200429,2005-07-31
Latonia,Helander,Gebhardt & Smith,6325 Statesville Rd,Brampton,ON,L6V 4R8,905-723-5674,905-209-4309,latonia@helander.com,http://www.gebhardtsmith.com,CA,200430,2012-10-26
Aimee,Clozza,Cdm Transportation,7 N Wacker Dr #42,Ottawa,ON,K1K 0K4,613-804-8102,613-832-9403,aimee_clozza@clozza.org,http://www.cdmtransportation.com,CA,200431,2012-01-15
Marcelle,Staie,"Butler, Frank B Esq",76 N Harlem Ave,Stoney Creek,ON,L8E 4S4,905-817-1934,905-209-2680,marcelle_staie@aol.com,http://www.butlerfrankbesq.com,CA,200432,2015-12-03
Ilda,Schuring,Secaucus Guide Book,80 Ringwood Ave #7,St. Albert,AB,T8N 1L5,780-830-2958,780-287-2408,ilda_schuring@schuring.com,http://www.secaucusguidebook.com,CA,200433,1996-01-18
Aileen,Klukken,"Stamper, Gerald Esq",8 Wilfong Ln,North York,ON,M2N 2T3,416-390-4510,416-717-1243,aklukken@klukken.com,http://www.stampergeraldesq.com,CA,200434,2014-12-04
Davida,Zeng,"Conway, John J Esq",8881 Hopkins St,Sainte-Sophie,QC,J5J 2B5,450-375-8192,450-274-3903,davida_zeng@yahoo.com,http://www.conwayjohnjesq.com,CA,200435,1998-09-21
Beata,Rubarts,Jay N Bee Office Solutions Ltd,19 Torresdale Ave #58,Victoria,BC,V8X 1R2,250-808-6765,250-421-9805,beata_rubarts@aol.com,http://www.jaynbeeofficesolutionsltd.com,CA,200436,2012-12-24
Angelyn,Wieand,Edith Flagg Inc,79 Craig Rd,Brampton,ON,L6X 0E3,905-838-3914,905-637-2696,angelyn_wieand@wieand.com,http://www.edithflagginc.com,CA,200437,1998-12-23
Claudio,Hummell,"Blatt, Harold G Esq",432 Eastman Ave,Calgary,AB,T3L 2H1,403-481-8843,403-734-2361,claudio_hummell@hotmail.com,http://www.blattharoldgesq.com,CA,200438,1995-01-24
Krystal,Twyman,Shell Western Hills,9 Garcia Ave #38,Scarborough,ON,M1C 1N8,416-712-8230,416-253-3534,ktwyman@gmail.com,http://www.shellwesternhills.com,CA,200439,2002-12-07
Adela,Echegoyen,Fpa Corp,128 W Kellogg Dr,Burnaby,BC,V5B 4L5,604-571-8392,604-693-8094,adela.echegoyen@echegoyen.org,http://www.fpacorp.com,CA,200440,2013-04-22
Ryan,Phibbs,Citrus Power Equipment,7827 Commercial St Se #37,Regina,SK,S4V 3B8,306-621-2626,306-246-7105,rphibbs@gmail.com,http://www.citruspowerequipment.com,CA,200441,1993-03-07
Edmond,Buettner,Eden Bail Bond Information Ctr,67 N Washington Ave #960,Saint-Eustache,QC,J7P 1A5,450-829-7834,450-808-1619,edmond_buettner@buettner.org,http://www.edenbailbondinformationctr.com,CA,200442,2013-03-16
Catina,Emmert,Noack & Dean Ins Agtts & Brkrs,19 Distribution Way,Thunder Bay,ON,P7C 4H3,807-652-2563,807-393-4181,catina@gmail.com,http://www.noackdeaninsagttsbrkrs.com,CA,200443,2000-06-09
Milly,Pattengale,"Schell, Eric F Esq",20 Fort Campbell Blvd #4792,Wetaskiwin,AB,T9A 3K1,780-799-6418,780-944-4851,milly@hotmail.com,http://www.schellericfesq.com,CA,200444,2005-05-19
Jules,Erichsen,Eberhard Mfg Co Div Estrn Co,1 Parkfair Dr #1219,Mississauga,ON,L5C 1L3,905-929-8054,905-671-9830,jules@cox.net,http://www.eberhardmfgcodivestrnco.com,CA,200445,2011-12-07
Denna,Miklitz,Cptal Meats & Provisions Co,1736 Us Highway 19n N #6,Saint-Jean-sur-Richelieu,QC,J3B 0C5,450-409-1005,450-752-3781,dmiklitz@yahoo.com,http://www.cptalmeatsprovisionsco.com,CA,200446,1995-08-01
Willetta,Cesa,Alpha Services Co,578 E Us Highway 36 #3,Membertou,NS,B1S 2P3,902-981-7382,902-906-9598,willetta_cesa@gmail.com,http://www.alphaservicesco.com,CA,200447,2007-05-18
Johna,Magathan,Park Metal Inc,1724 W Dodge Rd,Edmonton,AB,T6K 4E5,780-994-6272,780-550-9766,jmagathan@magathan.org,http://www.parkmetalinc.com,CA,200448,2011-06-11
Ollie,Oliverson,"Redemann, Robert P Esq",1 W 8th,Etobicoke,ON,M9W 3W4,416-762-4001,416-291-7332,ooliverson@cox.net,http://www.redemannrobertpesq.com,CA,200449,2014-01-31
Sherly,Vitrano,Stangels Financial Services,8 Cochise Trl,Sydney,NS,B1P 1C1,902-480-3185,902-389-5380,svitrano@hotmail.com,http://www.stangelsfinancialservices.com,CA,200450,2016-06-10
Kindra,Dishong,"Mcclanathan, Peter D Esq",4 Sutton Ln,Nepean,ON,K2E 6A5,613-510-3295,613-620-3122,kdishong@gmail.com,http://www.mcclanathanpeterdesq.com,CA,200451,2014-10-03
Vanda,Tentler,Oklahoma Ford Power Products,7 Shetland Ct,Kimberley,BC,V1A 2M7,250-605-3501,250-603-4234,vanda_tentler@tentler.org,http://www.oklahomafordpowerproducts.com,CA,200452,2010-12-24
Marshall,Fitgerald,Mpw Communities Of N J,526 Main St,Calgary,AB,T2M 4H2,403-918-5509,403-247-8676,marshall_fitgerald@cox.net,http://www.mpwcommunitiesofnj.com,CA,200453,2009-04-28
Kelvin,Hasha,"Orourke, Denise Michelle Esq",18 Duluth St,Edmonton,AB,T5M 4A7,780-227-7373,780-756-7823,khasha@hotmail.com,http://www.orourkedenisemichelleesq.com,CA,200454,1999-03-11
Darrin,Mathiasen,Milton Daily Standard,35 Peconic Ave #4,Boucherville,QC,J4B 3Y4,450-536-7426,450-609-7284,dmathiasen@hotmail.com,http://www.miltondailystandard.com,CA,200455,2010-01-10
Susana,Mccarley,Kinkos Copies,7 S Quebec,Windsor,ON,N9E 2G5,519-491-9261,519-394-8785,susana_mccarley@gmail.com,http://www.kinkoscopies.com,CA,200456,2007-09-19
Wilson,Nickelson,Brobeck Phleger & Harrison,74 Se 3rd Ave #1494,North York,ON,M2J 3W5,416-376-7867,416-595-9807,wilson_nickelson@aol.com,http://www.brobeckphlegerharrison.com,CA,200457,1997-01-02
Malissa,Talty,"Stafford, William P Ii",3 Bush St,Saint John,NB,E2M 2N5,506-724-2777,506-251-4329,malissa@talty.org,http://www.staffordwilliampii.com,CA,200458,2008-10-26
Tandra,Castillanos,Stony Creek Apartments,629 105th Ave,Hamilton,ON,L9C 3G2,905-715-9339,905-844-6061,tcastillanos@castillanos.com,http://www.stonycreekapartments.com,CA,200459,2005-11-04
Lorean,Sammon,Arizona Store Equipment,58 Executive Dr,Regina,SK,S4S 3Y3,306-854-5060,306-553-6554,lorean@yahoo.com,http://www.arizonastoreequipment.com,CA,200460,1997-03-13
Desirae,Oien,L & P Construction,200 W Bijou St #6013,Calgary,AB,T2C 0Z5,403-405-2804,403-654-5087,desirae.oien@hotmail.com,http://www.lpconstruction.com,CA,200461,2004-02-27
Delsie,Cerao,Bacompt,2 Us Highway 206,English Settlement,NB,E6B 2J9,506-795-5209,506-336-7043,delsie.cerao@cerao.org,http://www.bacompt.com,CA,200462,2011-08-11
Mabel,Elmquist,Tarkett Inc,8570 E 8th St,Winnipeg,MB,R2K 0Y2,204-285-3978,204-272-6023,mabel_elmquist@elmquist.com,http://www.tarkettinc.com,CA,200463,2014-02-23
Marnie,Purslow,Century 21 Twin Oaks Rlty Inc,3068 N Interstate 35,Winnipeg,MB,R2V 3G6,204-904-1386,204-501-8129,marnie.purslow@purslow.com,http://www.centurytwinoaksrltyinc.com,CA,200464,2006-03-14
Rene,Granier,"Cohen, Mortimer S Esq",4241 Tapp St,Calgary,AB,T3Z 1H1,403-438-9257,403-894-8420,rene@cox.net,http://www.cohenmortimersesq.com,CA,200465,2010-09-13
Trevor,Harnist,"Meraglio, Ruissell J Jr",99 Hart St,Dartmouth,NS,B2Y 1G7,902-782-2576,902-641-1009,trevor.harnist@hotmail.com,http://www.meraglioruisselljjr.com,CA,200466,1993-02-03
Sharmaine,Batdorf,Stritzel Awning Svc,1822 Guilford Rd,Saint-Basile,NB,E7C 2L8,506-839-1630,506-707-6566,sharmaine_batdorf@batdorf.com,http://www.stritzelawningsvc.com,CA,200467,1999-02-21
Ricki,Traux,"Collins, Frederick H Esq",995 Concord Rd,Montreal,QC,H3J 1S4,514-657-1920,514-784-4720,ricki.traux@traux.com,http://www.collinsfrederickhesq.com,CA,200468,2006-10-23
Bernadine,Shufelt,"Mulligan, Thomas O Esq",3 Main St,Sudbury,ON,P3C 2X6,705-693-2982,705-715-3024,bernadine_shufelt@shufelt.org,http://www.mulliganthomasoesq.com,CA,200469,1994-08-24
Shad,Reider,City Judge,7995 Douglas Rd E #6,Lloydminster,AB,T9V 2M7,780-953-3852,780-872-1107,shad_reider@aol.com,http://www.cityjudge.com,CA,200470,1996-05-09
Kenneth,Degennaro,"Dodson, Mac Pa",965 Bryant St,St Martins,NB,E5R 1G5,506-763-6456,506-220-8258,kenneth.degennaro@aol.com,http://www.dodsonmacpa.com,CA,200471,2007-06-19
Marleen,Hennon,Welsch Metal Products Inc,2863 Brooklyn Terminal Mkt,Abbotsford,BC,V2S 4M2,604-545-3662,604-469-6870,marleen_hennon@aol.com,http://www.welschmetalproductsinc.com,CA,200472,2007-06-08
Joaquin,Geitner,Cellular One,6410 E State Hwy,Calgary,AB,T2K 4M8,403-640-8755,403-999-6332,joaquin_geitner@cox.net,http://www.cellularone.com,CA,200473,1997-08-04
Slyvia,Stockham,Finchers Findings,4895 Country Club Rd,Quebec,QC,G1K 5J8,418-913-7998,418-917-4111,slyvia.stockham@aol.com,http://www.finchersfindings.com,CA,200474,2013-05-28
Kris,Bala,U S Tsubaki Inc,43 Gateway Blvd,Brampton,ON,L7A 2E8,905-848-5458,905-860-5785,kris_bala@gmail.com,http://www.ustsubakiinc.com,CA,200475,2016-06-03
Gussie,Diflorio,Cliff Clarks Inc Sales & Serv,881 South St #4,Trenton,ON,K8V 1G7,613-857-7922,613-785-7152,gussie_diflorio@cox.net,http://www.cliffclarksincsalesserv.com,CA,200476,2011-12-28
Lavelle,Lillywhite,"Schivley, G Gregory",5 S Taylor Ave,La Malbaie,QC,G5A 2R8,418-442-4179,418-719-1723,lavelle.lillywhite@hotmail.com,http://www.schivleyggregory.com,CA,200477,2009-02-06
Bev,Dermo,Nicks Printing,6059 Alewa Dr,Surrey,BC,V3X 1X5,604-880-6351,604-342-4113,bev.dermo@dermo.com,http://www.nicksprinting.com,CA,200478,2002-02-03
Bette,Digiovanni,"Nassar, Monique A Esq",345 Broadway St,London,ON,N6K 4J9,519-882-6434,519-206-1305,bette.digiovanni@digiovanni.org,http://www.nassarmoniqueaesq.com,CA,200479,1992-05-14
Lajuana,Mccloud,Cesena Printg E Side Printg Co,7 W Pine St,Saint-Thomas,QC,J0K 3L0,450-272-6370,450-704-8629,lajuana_mccloud@hotmail.com,http://www.cesenaprintgesideprintgco.com,CA,200480,2010-12-31
Shakira,Westervelt,Buena Clerk,5470 N Lamar Blvd #542,North Vancouver,BC,V7J 2J9,604-991-8721,604-514-6251,swestervelt@westervelt.org,http://www.buenaclerk.com,CA,200481,2001-09-20
Matt,Nickolich,"Bonina, John A Esq",103 E Main St #59,Regina,SK,S4S 5Y2,306-891-2346,306-464-9089,matt@gmail.com,http://www.boninajohnaesq.com,CA,200482,2001-06-27
Clemencia,Momplaisir,Computer System Dynamics,698 N Allen Rd,Montreal,QC,H3J 2N8,514-804-3533,514-427-6426,cmomplaisir@yahoo.com,http://www.computersystemdynamics.com,CA,200483,2001-04-15
Oliva,Ambert,Kleins Hallmark Cards,1 Broadway St,Dawson Settlement,NB,E4H 2B6,506-672-7328,506-593-5041,oambert@gmail.com,http://www.kleinshallmarkcards.com,CA,200484,1997-09-04
Ranee,Maye,Construction Services Inc,5361 N 500 W #3065,Les Cedres,QC,J7T 3A9,450-700-5970,450-769-7974,ranee_maye@maye.com,http://www.constructionservicesinc.com,CA,200485,2011-05-09
Ming,Eskew,"Dickman, J Scott Esq",4153 Broughton Ave,Victoria,BC,V9A 6P6,250-228-6798,250-224-3850,ming_eskew@eskew.com,http://www.dickmanjscottesq.com,CA,200486,2005-11-08
Annice,Peckens,"Hering, Glenn Z Esq",5 Falls Rd,Victoria,BC,V8V 2P7,250-727-7309,250-459-4257,apeckens@peckens.org,http://www.heringglennzesq.com,CA,200487,2013-04-16
Effie,Frymark,"Razzoog, Michael E Dds",51 3rd Ave,London,ON,N5W 5G1,519-433-4142,519-589-2250,effie_frymark@gmail.com,http://www.razzoogmichaeledds.com,CA,200488,1992-11-03
Maricela,Conger,Phase One Office Products,865 N Port Ave,Coquitlam,BC,V3E 1Y4,604-568-1899,604-930-7621,mconger@aol.com,http://www.phaseoneofficeproducts.com,CA,200489,2014-03-28
Esteban,Plantenberg,Midwest Wheel Companies,78 E River,Surrey,BC,V4P 0C4,604-519-9547,604-747-2189,esteban@cox.net,http://www.midwestwheelcompanies.com,CA,200490,2016-03-06
Doretha,Wykle,"Lafave, E Joseph Iii",5106 N Laurel Park Dr,Kenora,ON,P9N 4E7,807-383-4855,807-878-5383,doretha@yahoo.com,http://www.lafaveejosephiii.com,CA,200491,1994-10-27
Dorsey,Neitzke,"Turley, Joseph M",9768 A Aven #112,Truro,NS,B2N 3P6,902-936-9426,902-336-1190,dorsey_neitzke@hotmail.com,http://www.turleyjosephm.com,CA,200492,2005-05-09
Amie,Okuniewski,Motion Industries Inc,24 Venice Rd,Pembroke,ON,K8A 8M7,613-686-9039,613-257-6021,amie@yahoo.com,http://www.motionindustriesinc.com,CA,200493,1997-08-31
Bulah,Berkoff,Balan Marketing Co,2497 Pennsylvania Ave,Strathroy,ON,N7G 3V5,519-309-5863,519-911-6087,bulah.berkoff@cox.net,http://www.balanmarketingco.com,CA,200494,2015-07-09
Erin,Delbosque,Curtiss Wright Corp,357 W Mount Royal Ave,Longueuil,QC,J4M 2A8,450-316-7813,450-491-8703,erin@cox.net,http://www.curtisswrightcorp.com,CA,200495,2009-04-24
Kassandra,Marushia,Phelps Tool & Die Co Inc,123 Euclid Ave #9396,Nanaimo,BC,V9R 1C9,250-646-6446,250-571-5058,kassandra@gmail.com,http://www.phelpstooldiecoinc.com,CA,200496,2006-02-16
Leslee,Matsuno,Factory Mattress Outlet,1251 E Main St #990,Quebec,QC,G1H 1A6,418-460-5773,418-543-9015,leslee_matsuno@matsuno.org,http://www.factorymattressoutlet.com,CA,200497,1993-07-31
Daniel,Dobler,Cosgroves N End Plbg & Hdwr Co,259 W 17th St #39,Beresford,NB,E8K 1B7,506-617-2607,506-951-8403,ddobler@dobler.com,http://www.cosgrovesnendplbghdwrco.com,CA,200498,2001-09-23
Antonio,Unruh,Mission Lincoln Properties,9 Route 38,Port Coquitlam,BC,V3C 2Z4,604-624-7690,604-966-9833,antonio.unruh@hotmail.com,http://www.missionlincolnproperties.com,CA,200499,1994-02-17
